count,type,codename,friendlyname,review
22,action,FA_errno,errno,
6,action,FA_Note_PostOpenDoc,note post open document,
3,action,FA_Note_PostImportElemDefs,note post import element defs,
3,action,FA_Note_PreImportElemDefs,note pre import element defs,
3,action,FA_Note_PreQuitDoc,note pre quit document,
2,action,FA_CMSGetPropertyMaxOpCode,content management system get property max op code,
2,action,FA_CMSIsValidCommand,content management system is valid command,
2,action,FA_CMSObjectEdit,content management system object edit,
2,action,FA_CMSObjectOpenReadOnly,content management system object open read only,
2,action,FA_Note_PreOpenDoc,note pre open document,
2,action,FA_Note_PreSaveDoc,note pre save document,
1,action,FA_CMSAdvancedSearch,content management system advanced search,
1,action,FA_CMSBuildContextMenu,content management system build context menu,
1,action,FA_CMSCloseConnection,content management system close connection,
1,action,FA_CMSCommandMax,content management system command max,
1,action,FA_CMSCommandMin,content management system command min,
1,action,FA_CMSCreateConnMgrUI,content management system create conn mgr ui,
1,action,FA_CMSCreateConnection,content management system create connection,
1,action,FA_CMSGetCommandMaxOpCode,content management system get command max op code,
1,action,FA_CMSGetItemFromPath,content management system get item from path,
1,action,FA_CMSGetItems,content management system get items,
1,action,FA_CMSObjectCancelCheckout,content management system object cancel checkout,
1,action,FA_CMSObjectCheckin,content management system object checkin,
1,action,FA_CMSObjectCheckout,content management system object checkout,
1,action,FA_CMSObjectDelete,content management system object delete,
1,action,FA_CMSObjectDownload,content management system object download,
1,action,FA_CMSObjectDownloadForOpen,content management system object download for open,
1,action,FA_CMSObjectDownloadItem,content management system object download item,
1,action,FA_CMSObjectGetChildren,content management system object get children,
1,action,FA_CMSObjectIsSame,content management system object is same,
1,action,FA_CMSObjectRefresh,content management system object refresh,
1,action,FA_CMSObjectShowCheckOutFiles,content management system object show check out files,
1,action,FA_CMSObjectShowDependents,content management system object show dependents,
1,action,FA_CMSObjectShowProperties,content management system object show properties,
1,action,FA_CMSObjectShowVersion,content management system object show version,
1,action,FA_CMSObjectUploadFile,content management system object upload file,
1,action,FA_CMSObjectUploadFolder,content management system object upload folder,
1,action,FA_CMSSetRootObject,content management system set root object,
1,action,FA_CMSSimpleSearch,content management system simple search,
1,action,FA_COMPONENT_DEMOTE,component demote,
1,action,FA_COMPONENT_MOVEUP,component moveup,
1,action,FA_COMPONENT_PROMOTE,component promote,
1,action,FA_Init_DocReport,initialize document report,
1,action,FA_Init_First,initialize first,
1,action,FA_Init_Subsequent,initialize subsequent,
1,action,FA_Init_TakeControl,initialize take control,
1,action,FA_Note_AI_Supported_File,note ai supported file,
1,action,FA_Note_Alert,note alert,
1,action,FA_Note_AssignId,note assign id,
1,action,FA_Note_BackToUser,note back to user,
1,action,FA_Note_BodyPageAdded,note body page added,
1,action,FA_Note_BodyPageDeleted,note body page deleted,
1,action,FA_Note_ClientCall,note client call,
1,action,FA_Note_ConsoleMessage,note console message,
1,action,FA_Note_CursorChange,note cursor change,
1,action,FA_Note_DITAOptions,note dita options,
1,action,FA_Note_Dialog,note dialog,
1,action,FA_Note_Dialog_Create,note dialog create,
1,action,FA_Note_DirtyBook,note dirty book,
1,action,FA_Note_DirtyDoc,note dirty document,
1,action,FA_Note_DisplayClientTiDialog,note display client text inset dialog,
1,action,FA_Note_DisplayClientXRefDialog,note display client x reference dialog,
1,action,FA_Note_ECMInternal,note ecm internal,
1,action,FA_Note_EnumeratedComponent,note enumerated component,
1,action,FA_Note_FileOpen,note file open,
1,action,FA_Note_FilterFileToFile,note filter file to file,
1,action,FA_Note_FilterIn,note filter in,
1,action,FA_Note_FilterOut,note filter out,
1,action,FA_Note_FontSubstitution,note font substitution,
1,action,FA_Note_GenerateFM,note generate fm,
1,action,FA_Note_Help,note help,
1,action,FA_Note_InsertConRef,note insert con reference,
1,action,FA_Note_InsertTopicRef,note insert topic reference,
1,action,FA_Note_IsCommandEnabled,note is command enabled,
1,action,FA_Note_LoadKeyCatalog,note load key catalog,
1,action,FA_Note_NewBookmapFile,note new bookmap file,
1,action,FA_Note_NewConceptFile,note new concept file,
1,action,FA_Note_NewDitamapFile,note new ditamap file,
1,action,FA_Note_NewGlossEntryFile,note new gloss entry file,
1,action,FA_Note_NewReferenceFile,note new reference file,
1,action,FA_Note_NewTaskFile,note new task file,
1,action,FA_Note_NewTopicFile,note new topic file,
1,action,FA_Note_Not_RSC_Supported,note not rsc supported,
1,action,FA_Note_Not_SWF_File,note not swf file,
1,action,FA_Note_Not_U3DCommand,note not u3 d command,
1,action,FA_Note_Num,note number,
1,action,FA_Note_OpenAllTopicrefs,note open all topicrefs,
1,action,FA_Note_Open_Dtd,note open dtd,
1,action,FA_Note_Open_EDD_For_App,note open edd for app,
1,action,FA_Note_Open_Schema,note open schema,
1,action,FA_Note_Palette,note palette,
1,action,FA_Note_PostActiveDocChange,note post active document change,
1,action,FA_Note_PostAutoSaveDoc,note post auto save document,
1,action,FA_Note_PostBookComponentOpen,note post book component open,
1,action,FA_Note_PostChangeElement,note post change element,
1,action,FA_Note_PostCopyElement,note post copy element,
1,action,FA_Note_PostDistill,note post distill,
1,action,FA_Note_PostDragElement,note post drag element,
1,action,FA_Note_PostExport,note post export,
1,action,FA_Note_PostFileType,note post file type,
1,action,FA_Note_PostFunction,note post function,
1,action,FA_Note_PostGenerate,note post generate,
1,action,FA_Note_PostGoToXrefSrc,note post go to cross reference (XREF) source,
1,action,FA_Note_PostHypertext,note post hypertext,
1,action,FA_Note_PostImport,note post import,
1,action,FA_Note_PostInlineTypeIn,note post inline type in,
1,action,FA_Note_PostInsertElement,note post insert element,
1,action,FA_Note_PostMouseCommand,note post mouse command,
1,action,FA_Note_PostOpenBook,note post open book,
1,action,FA_Note_PostOpenBookMIF,note post open book mif,
1,action,FA_Note_PostOpenMIF,note post open mif,
1,action,FA_Note_PostOpenSGML,note post open sgml,
1,action,FA_Note_PostOpenXML,note post open xml,
1,action,FA_Note_PostPrint,note post print,
1,action,FA_Note_PostPublishDitamap,note post publish ditamap,
1,action,FA_Note_PostQuitBook,note post quit book,
1,action,FA_Note_PostQuitDoc,note post quit document,
1,action,FA_Note_PostQuitSession,note post quit session,
1,action,FA_Note_PostRevertBook,note post revert book,
1,action,FA_Note_PostRevertDoc,note post revert document,
1,action,FA_Note_PostSaveAsPDFDialog,note post save as pdf dialog,
1,action,FA_Note_PostSaveBook,note post save book,
1,action,FA_Note_PostSaveBookMIF,note post save book mif,
1,action,FA_Note_PostSaveDoc,note post save document,
1,action,FA_Note_PostSaveMIF,note post save mif,
1,action,FA_Note_PostSaveSGML,note post save sgml,
1,action,FA_Note_PostSaveXML,note post save xml,
1,action,FA_Note_PostSetAttrValue,note post set attribute value,
1,action,FA_Note_PostSetConstantValue,note post set constant value,
1,action,FA_Note_PostSwitchView,note post switch view,
1,action,FA_Note_PostUpdateXRefs,note post update x refs,
1,action,FA_Note_PostWrapElement,note post wrap element,
1,action,FA_Note_Poster_Applied,note poster applied,
1,action,FA_Note_PreAutoSaveDoc,note pre auto save document,
1,action,FA_Note_PreChangeElement,note pre change element,
1,action,FA_Note_PreCopyElement,note pre copy element,
1,action,FA_Note_PreDistill,note pre distill,
1,action,FA_Note_PreDragElement,note pre drag element,
1,action,FA_Note_PreExport,note pre export,
1,action,FA_Note_PreFileType,note pre file type,
1,action,FA_Note_PreFunction,note pre function,
1,action,FA_Note_PreGenerate,note pre generate,
1,action,FA_Note_PreGoToXrefSrc,note pre go to cross reference (XREF) source,
1,action,FA_Note_PreHypertext,note pre hypertext,
1,action,FA_Note_PreImport,note pre import,
1,action,FA_Note_PreInlineTypeIn,note pre inline type in,
1,action,FA_Note_PreInsertElement,note pre insert element,
1,action,FA_Note_PreMouseCommand,note pre mouse command,
1,action,FA_Note_PreOpenBook,note pre open book,
1,action,FA_Note_PreOpenBookMIF,note pre open book mif,
1,action,FA_Note_PreOpenMIF,note pre open mif,
1,action,FA_Note_PreOpenSGML,note pre open sgml,
1,action,FA_Note_PreOpenXML,note pre open xml,
1,action,FA_Note_PrePrint,note pre print,
1,action,FA_Note_PrePublishDitamap,note pre publish ditamap,
1,action,FA_Note_PreQuitBook,note pre quit book,
1,action,FA_Note_PreQuitSession,note pre quit session,
1,action,FA_Note_PreRevertBook,note pre revert book,
1,action,FA_Note_PreRevertDoc,note pre revert document,
1,action,FA_Note_PreSaveAsPDFDialog,note pre save as pdf dialog,
1,action,FA_Note_PreSaveBook,note pre save book,
1,action,FA_Note_PreSaveBookMIF,note pre save book mif,
1,action,FA_Note_PreSaveMIF,note pre save mif,
1,action,FA_Note_PreSaveSGML,note pre save sgml,
1,action,FA_Note_PreSaveXML,note pre save xml,
1,action,FA_Note_PreSetAttrValue,note pre set attribute value,
1,action,FA_Note_PreSwitchView,note pre switch view,
1,action,FA_Note_PreUpdateXRefs,note pre update x refs,
1,action,FA_Note_PreWrapElement,note pre wrap element,
1,action,FA_Note_QuitModelessDialog,note quit modeless dialog,
1,action,FA_Note_RSC_Supported_File,note rsc supported file,
1,action,FA_Note_ReLoadKeyCatalog,note re load key catalog,
1,action,FA_Note_Read_Struct_App,note read struct app,
1,action,FA_Note_SWF_File,note swf file,
1,action,FA_Note_SetAttrValue,note set attribute value,
1,action,FA_Note_Struct_Wizard,note struct wizard,
1,action,FA_Note_ToolBar,note tool bar,
1,action,FA_Note_U3DCommand,note u3 d command,
1,action,FA_Note_URL,note url,
1,action,FA_Note_UndoCheckpoint,note undo checkpoint,
1,action,FA_Note_UpdateAllClientTi,note update all client text inset,
1,action,FA_Note_UpdateClientTi,note update client text inset,
1,action,FA_Note_UpdateDITAReference,note update dita reference,
1,action,FA_Note_UpdateDITAReferences,note update dita references,
1,action,FA_Note_UpdateRefs,note update refs,
1,action,FA_Note_UpdateRefs_On_Save,note update refs on save,
93,error,FE_BadDocId,bad document id,
72,error,FE_WrongProduct,wrong product,
53,error,FE_BadObjId,bad object id,
36,error,FE_BadParameter,bad parameter,
23,error,FE_BadOperation,bad operation,
20,error,FE_BadPropNum,bad property number,
19,error,FE_BadNew,bad new,
19,error,FE_NotTextObject,not text object,
19,error,FE_Success,success,
16,error,FE_CMSBadSessionId,content management system bad session id,
16,error,FE_OffsetNotFound,offset not found,
14,error,FE_CMSBadObjectId,content management system bad object id,
14,error,FE_SystemError,system error,
12,error,FE_BadName,bad name,
12,error,FE_Canceled,canceled,
12,error,FE_ReadOnly,read only,
11,error,FE_BadPropType,bad property type,
10,error,FE_BadRange,bad range,
10,error,FE_BadSelectionForOperation,bad selection for operation,
9,error,FE_OutOfRange,out of range,
8,error,FE_FailedState,failed state,
6,error,FE_NotMenu,not menu,
5,error,FE_CanceledByClient,canceled by client,
5,error,FE_GenRuleAmbiguous,gen rule ambiguous,
5,error,FE_GenRuleConnectorExpected,gen rule connector expected,
5,error,FE_GenRuleItemExpected,gen rule item expected,
5,error,FE_GenRuleLeftBracketExpected,gen rule left bracket expected,
5,error,FE_GenRuleMixedConnectors,gen rule mixed connectors,
5,error,FE_GenRuleRightBracketExpected,gen rule right bracket expected,
5,error,FE_GenRuleSyntaxError,gen rule syntax error,
4,error,FE_BadDelete,bad delete,
4,error,FE_BadKey,bad key,
4,error,FE_BadSelectionForOperati,bad selection for operati,
4,error,FE_CMSBadCommandId,content management system bad command id,
4,error,FE_FilterFailed,filter failed,
4,error,FE_KeyCatalogIsStale,key catalog is stale,
4,error,FE_NonDITADocument,non dita document,
4,error,FE_NotBookComponent,not book component,
4,error,FE_SystemErr,system err,
4,error,FE_TypeUnNamed,type un named,
3,error,FE_BadBookId,bad book id,
3,error,FE_BadCompare,bad compare,
3,error,FE_BadFileType,bad file type,
3,error,FE_BadInsertPos,bad insert position,
3,error,FE_BadKeyField,bad key field,
3,error,FE_BadValue,bad value,
3,error,FE_CMSBadItemContainerType,content management system bad item container type,
3,error,FE_CMSBadItemFileType,content management system bad item file type,
3,error,FE_CMSBadItemType,content management system bad item type,
3,error,FE_CMSRootObjectExists,content management system root object exists,
3,error,FE_CompareTypes,compare types,
3,error,FE_DocModified,document modified,
3,error,FE_DupName,duplicate name,
3,error,FE_KeyDefinitionDoesNotExist,key definition does not exist,
3,error,FE_MissingFile,missing file,
3,error,FE_NameNotFound,name not found,
3,error,FE_NotBodyPage,not body page,
3,error,FE_NotFrame,not frame,
3,error,FE_SomeUnresolved,some unresolved,
3,error,FE_Transport,transport,
2,error,FE_BadCompPath,bad comp path,
2,error,FE_BadDoc,bad document,
2,error,FE_BadElementDefId,bad element definition id,
2,error,FE_BadElementId,bad element id,
2,error,FE_BadFilterType,bad filter type,
2,error,FE_BadNewFrame,bad new frame,
2,error,FE_BadNewGroup,bad new group,
2,error,FE_BadNewSibling,bad new sibling,
2,error,FE_BookUnStructured,book un structured,
2,error,FE_CMSFailedGetItemFrompath,content management system failed get item frompath,
2,error,FE_CMSFailedLogout,content management system failed logout,
2,error,FE_CMSObjectCreationFailed,content management system object creation failed,
2,error,FE_CantSmooth,cant smooth,
2,error,FE_CircularReference,circular reference,
2,error,FE_GroupSelect,group select,
2,error,FE_HiddenPage,hidden page,
2,error,FE_InvAttribute,invalid attribute,
2,error,FE_KeyDefinitionAlreadyExists,key definition already exists,
2,error,FE_NoSuchFlow,no such flow,
2,error,FE_NotCommand,not command,
2,error,FE_NotFound,not found,
2,error,FE_NotGraphic,not graphic,
2,error,FE_NotGroup,not group,
2,error,FE_NotPgf,not paragraph,
2,error,FE_NotTextFrame,not text frame,
2,error,FE_PageFrame,page frame,
2,error,FE_TableInLockedTi,table in locked text inset,
2,error,FE_UpdateDITAReferenceFailed,update dita reference failed,
2,error,FE_UpdateDITAReferenceFailedCannotConvertToFMObject,update dita reference failed cannot convert to fm object,
2,error,FE_UpdateDITAReferenceFailedCannotResolveReference,update dita reference failed cannot resolve reference,
2,error,FE_UpdateDITAReferenceFailedInvalidElementType,update dita reference failed invalid element type,
2,error,FE_WithinFrame,within frame,
1,error,FE_AcceptRejectCalledOnWrongPreviewState,accept reject called on wrong preview state,
1,error,FE_AsianSystemRequired,asian system required,
1,error,FE_BadBaseColor,bad base color,
1,error,FE_BadContainer,bad container,
1,error,FE_BadElementSelection,bad element selection,
1,error,FE_BadFamilyName,bad family name,
1,error,FE_BadInkName,bad ink name,
1,error,FE_BadMenuBar,bad menu bar,
1,error,FE_BadNotificationNum,bad notification number,
1,error,FE_BadOperati,bad operati,
1,error,FE_BadPageDelete,bad page delete,
1,error,FE_BadRefElementId,bad reference element id,
1,error,FE_BadRefFlowId,bad reference flow id,
1,error,FE_BadSaveFileName,bad save file name,
1,error,FE_BadShortcut,bad shortcut,
1,error,FE_BadTemplatePath,bad template path,
1,error,FE_BadXRefSrcDocId,bad x reference source document id,
1,error,FE_BadXmlApplication,bad xml application,
1,error,FE_Badparameter,badparameter,
1,error,FE_BookComponentAlreadyHasTrackedEdits,book component already has tracked edits,
1,error,FE_BookStructured,book structured,
1,error,FE_Busy,busy,
1,error,FE_CMSFailedCancelCheckout,content management system failed cancel checkout,
1,error,FE_CMSFailedCheckin,content management system failed checkin,
1,error,FE_CMSFailedCheckout,content management system failed checkout,
1,error,FE_CMSFailedDelete,content management system failed delete,
1,error,FE_CMSFailedDownloadObject,content management system failed download object,
1,error,FE_CMSFailedLogin,content management system failed login,
1,error,FE_CMSFailedOpenFile,content management system failed open file,
1,error,FE_CMSFailedUploadObject,content management system failed upload object,
1,error,FE_CMSIsValidCMSCommand,content management system is valid content management system command,
1,error,FE_CMSNameAlreadyRegistered,content management system name already registered,
1,error,FE_CMSSessionCreationFailed,content management system session creation failed,
1,error,FE_CMSSessionFailed,content management system session failed,
1,error,FE_CannotAddEditExpressionsInOneOrMoreComponents,cannot add edit expressions in one or more components,
1,error,FE_CantUpdateMacEdition,cant update mac edition,
1,error,FE_DocAlreadyHasTrackedEdits,document already has tracked edits,
1,error,FE_EmptyTextObject,empty text object,
1,error,FE_ExpressionNotFound,expression not found,
1,error,FE_FDKUndoNotAllowed,fdk undo not allowed,
1,error,FE_FailedExportedFileInvalid,failed exported file invalid,
1,error,FE_FailedToApplyOnOneOrMoreComponents,failed to apply on one or more components,
1,error,FE_FileClosedByClient,file closed by client,
1,error,FE_FileClosedByClients,file closed by clients,
1,error,FE_FlowStructured,flow structured,
1,error,FE_InvAttributeDef,invalid attribute definition,
1,error,FE_InvContextSpec,invalid context specification,
1,error,FE_InvalidAttrExpr,invalid attribute expression,
1,error,FE_InvalidString,invalid string,
1,error,FE_KeyCatalogNotLoaded,key catalog not loaded,
1,error,FE_KeyCatalogNotSpecified,key catalog not specified,
1,error,FE_LanguageNotAvailable,language not available,
1,error,FE_NoColorFamily,no color family,
1,error,FE_NotApiCommand,not api command,
1,error,FE_NotBodyPgf,not body paragraph,
1,error,FE_NotInMenu,not in menu,
1,error,FE_NotPgfOrFlow,not paragraph or flow,
1,error,FE_PropNotSet,property not set,
1,error,FE_ReservedColor,reserved color,
1,error,FE_StringTooLong,string too long,
1,error,FE_TintedColor,tinted color,
1,error,FE_UpdateDITAReferenceFailedCannotFindReferencedFile,update dita reference failed cannot find referenced file,
1,error,FE_UpdateDITAReferenceFailedCannotOpenReferencedFile,update dita reference failed cannot open referenced file,
1,error,FE_ViewOnly,view only,
1,error,FE_WantsCustom,wants custom,
1,error,FE_WantsLandscape,wants landscape,
1,error,FE_WantsPortrait,wants portrait,
1,error,FE_XRefUnresolved,x reference unresolved,
5,flag,FF_INTERACTIVE,interactive,
5,flag,FF_VISIBLE_ONLY,visible only,
4,flag,FF_DONT_DELETE_HIDDEN_TEXT,dont delete hidden text,
4,flag,FF_SELECT_WHOLE_TABLE,select whole table,
4,flag,FF_UFF_COLOR,uff color,
4,flag,FF_UFF_COMBINED_FONTS,uff combined fonts,
4,flag,FF_UFF_COND,uff condition,
4,flag,FF_UFF_DOCUMENT_PROPS,uff document properties,
4,flag,FF_UFF_FONT,uff font,
4,flag,FF_UFF_MATH,uff math,
4,flag,FF_UFF_PAGE,uff page,
4,flag,FF_UFF_PGF,uff paragraph,
4,flag,FF_UFF_REFPAGE,uff refpage,
4,flag,FF_UFF_REMOVE_EXCEPTIONS,uff remove exceptions,
4,flag,FF_UFF_REMOVE_PAGE_BREAKS,uff remove page breaks,
4,flag,FF_UFF_TABLE,uff table,
4,flag,FF_UFF_VAR,uff variable,
4,flag,FF_UFF_XREF,uff cross reference (XREF),
3,flag,FF_CLOSE_MODIFIED,close modified,
3,flag,FF_CMP_COMPKIT,cmp compkit,
3,flag,FF_CMP_HYPERLINKS,cmp hyperlinks,
3,flag,FF_CMP_SUMKIT,cmp sumkit,
3,flag,FF_CMP_SUMMARY_ONLY,cmp summary only,
3,flag,FF_CUT_TBL_CELLS,cut table cells,
3,flag,FF_DITAUpdateAllConrefs,dita update all conrefs,
3,flag,FF_DITAUpdateAllLinks,dita update all links,
3,flag,FF_DITAUpdateAllReferences,dita update all references,
3,flag,FF_DITAUpdateAllTopicrefs,dita update all topicrefs,
3,flag,FF_DITAUpdateAllTopicsetrefs,dita update all topic set references,
3,flag,FF_DITAUpdateAllXrefs,dita update all cross references,
3,flag,FF_IED_NO_NOTIFY,ied no notify,
3,flag,FF_IED_REMOVE_BOOK_INFO,ied remove book info,
3,flag,FF_IED_REMOVE_OVERRIDES,ied remove overrides,
3,flag,FF_INSERT_BELOW_RIGHT,insert below right,
3,flag,FF_REPLACE_CELLS,replace cells,
3,flag,FF_XRUI_CLOSED_DOCS,xrui closed docs,
3,flag,FF_XRUI_EVERYTHING,xrui everything,
3,flag,FF_XRUI_FORCE_UPDATE,xrui force update,
3,flag,FF_XRUI_INTERNAL,xrui internal,
3,flag,FF_XRUI_OPEN_DOCS,xrui open docs,
2,flag,FF_CMP_CHANGE_BARS,cmp change bars,
2,flag,FF_DONT_APPLY_ALL_ROWS,dont apply all rows,
2,flag,FF_DUPLICATE_KEY_DEFINITION,duplicate key definition,
2,flag,FF_FOUND_IN_REFERENCED_FILE,found in referenced file,
2,flag,FF_IED_DO_NOT_IMPORT_EDD,ied do not import edd,
2,flag,FF_INVALID_KEY,invalid key,
2,flag,FF_STRIP_HYPERTEXT,strip hypertext,
2,flag,FF_UNTAGGED_ASK,untagged ask,
2,flag,FF_UNTAGGED_DELETE,untagged delete,
2,flag,FF_UNTAGGED_UNCOND,untagged uncond,
1,flag,FF_ALERT_,alert,
1,flag,FF_ALERT_CANCEL_DEFAULT,alert cancel default,
1,flag,FF_ALERT_CONTINUE_NOTE,alert continue note,
1,flag,FF_ALERT_CONTINUE_WARN,alert continue warn,
1,flag,FF_ALERT_NO_DEFAULT,alert no default,
1,flag,FF_ALERT_OK_DEFAULT,alert ok default,
1,flag,FF_ALERT_YES_DEFAULT,alert yes default,
1,flag,FF_ALERT_YES_NO_CANCEL,alert yes no cancel,
1,flag,FF_ALT_KEY,alt key,
1,flag,FF_ATTACH_,attach,
1,flag,FF_ATTACH_ALL,attach all,
1,flag,FF_ATTACH_BORDER_PAGENUM,attach border pagenum,
1,flag,FF_ATTACH_BORDER_PAGEUPDOWN,attach border pageupdown,
1,flag,FF_ATTACH_BORDER_RIGHTICONS,attach border righticons,
1,flag,FF_ATTACH_BORDER_STATUS,attach border status,
1,flag,FF_ATTACH_BORDER_ZOOM,attach border zoom,
1,flag,FF_ATTRDISP,attrdisp,
1,flag,FF_ATTRDISP_ALL,attrdisp all,
1,flag,FF_ATTR_SEL,attribute selection,
1,flag,FF_BOR_EXT,bor ext,
1,flag,FF_BOR_SEL,bor selection,
1,flag,FF_BUBBLE_CONTEXT,bubble context,
1,flag,FF_BUBBLE_COPY,bubble copy,
1,flag,FF_BUBBLE_EXT,bubble ext,
1,flag,FF_BUBBLE_EXT_CONTEXT,bubble ext context,
1,flag,FF_BUBBLE_SEL,bubble selection,
1,flag,FF_CELLS_RES,cells resolution,
1,flag,FF_CELL_EXT,cell ext,
1,flag,FF_CELL_RES,cell resolution,
1,flag,FF_CELL_SEL,cell selection,
1,flag,FF_CLEAR_SEL,clear selection,
1,flag,FF_CMD_KEY,command key,
1,flag,FF_CMP_ATTRIBUTES,cmp attributes,
1,flag,FF_CMP_CHANGE,cmp change,
1,flag,FF_COLLAPSE_ALL,collapse all,
1,flag,FF_COLLAPSE_ELEM,collapse element,
1,flag,FF_CONTEXT_DRAG,context drag,
1,flag,FF_CONTEXT_DRAGTXT,context dragtxt,
1,flag,FF_CONTEXT_DRAG_EXT,context drag ext,
1,flag,FF_CONTEXT_MENU,context menu,
1,flag,FF_CONTROL_KEY,control key,
1,flag,FF_COPY_TO_CLIP,copy to clip,
1,flag,FF_Custom_,custom,
1,flag,FF_Custom_FirstPageLeft,custom first page left,
1,flag,FF_Custom_FirstPageRight,custom first page right,
1,flag,FF_Custom_SingleSided,custom single sided,
1,flag,FF_DUPLICATE_KEY,duplicate key,
1,flag,FF_EDIT_ATTRIBUTE,edit attribute,
1,flag,FF_ELEMENT_CONTEXT,element context,
1,flag,FF_ELEMENT_EXT,element ext,
1,flag,FF_ELEMENT_EXT_CONTEXT,element ext context,
1,flag,FF_ELEMENT_SEL,element selection,
1,flag,FF_FIND_BACKWARDS,find backwards,
1,flag,FF_FIND_CONSIDER_CASE,find consider case,
1,flag,FF_FIND_USE_REGEX,find use regex,
1,flag,FF_FIND_USE_WILDCARDS,find use wildcards,
1,flag,FF_FIND_WHOLE_WORD,find whole word,
1,flag,FF_HYPERTEXT,hypertext,
1,flag,FF_IED_DELETE_EMPTY_PAGES,ied delete empty pages,
1,flag,FF_IED_DO_NOT_IMPORT_STRUCTAPP,ied do not import structured application,
1,flag,FF_IED_DO_NOT_IMtopic,ied do not i mtopic,
1,flag,FF_IMAGE_BACKGROUND,image background,
1,flag,FF_IMAGE_CLIP,image clip,
1,flag,FF_IMAGE_MASTER,image master,
1,flag,FF_IMAGE_NOTRIM,image no trim,
1,flag,FF_IMAGE_PAGEFRAME,image pageframe,
1,flag,FF_ITEM,item,
1,flag,FF_OBJ_CROTATE,object crotate,
1,flag,FF_OBJ_EXT,object ext,
1,flag,FF_OBJ_EXT_BOR,object ext bor,
1,flag,FF_OBJ_Q_COPY,object q copy,
1,flag,FF_OBJ_ROTATE,object rotate,
1,flag,FF_OBJ_SEL,object selection,
1,flag,FF_OPEN_BOOK_COMP,open book comp,
1,flag,FF_PASTE_CLIP_OBJ,paste clip object,
1,flag,FF_PASTE_CLIP_TEXT,paste clip text,
1,flag,FF_PASTE_SEL_TEXT,paste selection text,
1,flag,FF_RES_ADD,resolution add,
1,flag,FF_RES_DEL,resolution delete,
1,flag,FF_RES_MOVE,resolution move,
1,flag,FF_RES_MOVE1,resolution move1,
1,flag,FF_RES_VERTEX,resolution vertex,
1,flag,FF_SHIFT_KEY,shift key,
1,flag,FF_STRUCTURE_MENU,structure menu,
1,flag,FF_TABLE_SELALL,table selall,
1,flag,FF_TEXT_EXT,text ext,
1,flag,FF_TEXT_Q_COPY,text q copy,
1,flag,FF_TEXT_SEL,text selection,
1,flag,FF_UFF_,uff,
1,flag,FF_UFF_ALL,uff all,
1,flag,FF_UFF_FBA,uff fba,
1,flag,FF_VIEWER_MENU,viewer menu,
1,flag,FF_XRUI_,xrui,
2,function,F_ApiGetInt,get integer,
1,function,F_ApiCommand,command,
1,function,F_ApiGetId,get id,
1,function,F_ApiGetNamedMenu,get named menu,
1,function,F_ApiManageCondiitonalExpressions,manage condiitonal expressions,
1,function,F_ApiNotification,notification,
1,function,F_ApiNotify,notify,
1,function,F_ApiSetInt,set integer,
1,function,F_ApiSplitElement,split element,
155,identifier,ObjectValid,object valid,
113,identifier,GetProps,get properties,
112,identifier,SetProps,set properties,
68,identifier,PropVal,property value,
64,identifier,PropVals,property values,
35,identifier,TextLoc,text location,
33,identifier,ActiveDoc,active document,
30,identifier,GetText,get text,
29,identifier,TextRange,text range,
26,identifier,GetNamedObject,get named object,
26,identifier,ParaLine,para line,
23,identifier,BookComponent,book component,
23,identifier,ElementDef,element definition,
23,identifier,FrameParent,frame parent,
19,identifier,FirstPgf,first paragraph,
19,identifier,NewNamedObject,new named object,
19,identifier,PgfTag,paragraph tag,
19,identifier,RunaroundGap,runaround gap,
18,identifier,MainFlowInDoc,main flow in document,
18,identifier,TblFormat,table format,
18,identifier,TextFrame,text frame,
17,identifier,NewGraphicObject,new graphic object,
17,identifier,UserString,user string,
16,identifier,FmtChangeList,format change list,
16,identifier,HotspotCmdStr,hotspot command string,
16,identifier,HotspotTitle,hotspot title,
16,identifier,IsHotspot,is hotspot,
16,identifier,NextGraphicInFrame,next graphic in frame,
16,identifier,PrevGraphicInFrame,previous graphic in frame,
15,identifier,ArrowBaseAngle,arrow base angle,
15,identifier,ArrowLength,arrow length,
15,identifier,ArrowScaleFactor,arrow scale factor,
15,identifier,ArrowScaleHead,arrow scale head,
15,identifier,ArrowTipAngle,arrow tip angle,
15,identifier,ArrowType,arrow type,
15,identifier,BorderWidth,border width,
15,identifier,CharFmt,character format,
15,identifier,GetTextForRange,get text for range,
15,identifier,GraphicCantBeSelected,graphic cant be selected,
15,identifier,GraphicIsSelected,graphic is selected,
15,identifier,GroupParent,group parent,
15,identifier,HeadArrow,head arrow,
15,identifier,LineCap,line cap,
15,identifier,MetricsT,metrics t,
15,identifier,NextGraphicInDoc,next graphic in document,
15,identifier,NextGraphicInGroup,next graphic in group,
15,identifier,NextSelectedGraphicInDoc,next selected graphic in document,
15,identifier,ObjectAttributes,object attributes,
15,identifier,PrevGraphicInGroup,previous graphic in group,
15,identifier,TailArrow,tail arrow,
15,identifier,TintPercent,tint percent,
14,identifier,BodyPage,body page,
14,identifier,FirstTextFrameInFlow,first text frame in flow,
14,identifier,PgfFmt,paragraph format,
14,identifier,PgfFont,paragraph font,
14,identifier,RulingFmt,ruling format,
13,identifier,TextFlow,text flow,
13,identifier,TextItems,text items,
13,identifier,TextRect,text rectangle,
12,identifier,FirstSelectedGraphicInDoc,first selected graphic in document,
12,identifier,FmtRule,format rule,
12,identifier,TextLine,text line,
11,identifier,NextPgfInFlow,next paragraph in flow,
11,identifier,ShapeRect,shape rectangle,
10,identifier,AttrCondExpr,attribute condition expression,
10,identifier,CondFmt,condition format,
10,identifier,MasterPage,master page,
9,identifier,CombinedFontDefn,combined font defn,
9,identifier,ElementSelection,element selection,
9,identifier,FontFamily,font family,
9,identifier,FontFamilyNames,font family names,
9,identifier,RefPage,reference page,
9,identifier,ResolvedDirection,resolved direction,
9,identifier,TblColumnWidth,table column width,
9,identifier,TblFmt,table format,
9,identifier,TblTag,table tag,
9,identifier,TextSelection,text selection,
8,identifier,AddText,add text,
8,identifier,ApplyPageLayout,apply page layout,
8,identifier,DefineCommand,define command,
8,identifier,FirstGraphicInFrame,first graphic in frame,
8,identifier,FontSize,font size,
8,identifier,HiddenPage,hidden page,
8,identifier,ImportHint,import hint,
8,identifier,MarkerType,marker type,
8,identifier,MathML,math ml,
8,identifier,NewAnchoredObject,new anchored object,
8,identifier,RoundRect,round rectangle,
8,identifier,TextRan,text ran,
8,identifier,UnanchoredFrame,unanchored frame,
7,identifier,AbjadNumeric,abjad numeric,
7,identifier,AlifbataNumeric,alifbata numeric,
7,identifier,BusinessKazu,business kazu,
7,identifier,ChangeBar,change bar,
7,identifier,ElementRange,element range,
7,identifier,FarsiNumeric,farsi numeric,
7,identifier,FmtRuleClause,format rule clause,
7,identifier,FontAngle,font angle,
7,identifier,FontCatalog,font catalog,
7,identifier,FontVariation,font variation,
7,identifier,FontWeight,font weight,
7,identifier,FontWeightNames,font weight names,
7,identifier,HebrewNumeric,hebrew numeric,
7,identifier,HighestLevelElement,highest level element,
7,identifier,IndicNumeric,indic numeric,
7,identifier,KanjiNumeric,kanji numeric,
7,identifier,NewSeriesObject,new series object,
7,identifier,PgfAlignment,paragraph alignment,
7,identifier,PrevGraphic,previous graphic,
7,identifier,RulingCatalog,ruling catalog,
7,identifier,SubCol,sub column,
7,identifier,TextItem,text item,
7,identifier,VarFmt,variable format,
7,identifier,VariableFormat,variable format,
7,identifier,VariableFormats,variable formats,
7,identifier,ZenLCAlpha,zen lc alpha,
7,identifier,ZenUCAlpha,zen uc alpha,
6,identifier,AddCommandToMenu,add command to menu,
6,identifier,AttributeDef,attribute definition,
6,identifier,BookCompone,book compone,
6,identifier,CombinedFont,combined font,
6,identifier,CombinedFonts,combined fonts,
6,identifier,ConditionCatalog,condition catalog,
6,identifier,DefineAndAddMenu,define and add menu,
6,identifier,DeletePropByName,delete property by name,
6,identifier,FontAngleNames,font angle names,
6,identifier,FontVariationNames,font variation names,
6,identifier,FrameImage,frame image,
6,identifier,GetSelectedAFrame,get selected a frame,
6,identifier,GetSelectedGraphic,get selected graphic,
6,identifier,GetString,get string,
6,identifier,KernX,kern x,
6,identifier,KernY,kern y,
6,identifier,NewTable,new table,
6,identifier,NextSiblingElement,next sibling element,
6,identifier,PageHeight,page height,
6,identifier,PageNum,page number,
6,identifier,PairKern,pair kern,
6,identifier,PgfCatalog,paragraph catalog,
6,identifier,SetTextProps,set text properties,
6,identifier,SimpleImportFormats,simple import formats,
6,identifier,TblCatalog,table catalog,
6,identifier,TblColumnNum,table column number,
6,identifier,TblID,table id,
6,identifier,TypedVal,typed value,
5,identifier,BkColor,book color,
5,identifier,BoolCond,bool condition,
5,identifier,CellContent,cell content,
5,identifier,ColorCatalog,color catalog,
5,identifier,CombinedFon,combined fon,
5,identifier,CombinedFontFamily,combined font family,
5,identifier,DefineAndAddCommand,define and add command,
5,identifier,DeleteUnusedFmts,delete unused fmts,
5,identifier,DontUpdateTextInsets,dont update text insets,
5,identifier,ElementCatalogEntry,element catalog entry,
5,identifier,FirstPgfFmtInDoc,first paragraph format in document,
5,identifier,FontEncodingName,font encoding name,
5,identifier,FrameVector,frame vector,
5,identifier,GetNamedMenu,get named menu,
5,identifier,GetPropIndex,get property index,
5,identifier,GetTextPropVal,get text property value,
5,identifier,HypertextParsedCmdCode,hypertext parsed command code,
5,identifier,ImportObject,import object,
5,identifier,IsOnScreen,is on screen,
5,identifier,KeyCatalog,key catalog,
5,identifier,LastPgf,last paragraph,
5,identifier,MakerMainMenu,maker main menu,
5,identifier,MenuItemSeparator,menu item separator,
5,identifier,NewAnchoredFormattedObject,new anchored formatted object,
5,identifier,NextMenuItemInMenu,next menu item in menu,
5,identifier,NumPoints,number points,
5,identifier,PageBackground,page background,
5,identifier,PageType,page type,
5,identifier,PageWidth,page width,
5,identifier,ParentElement,parent element,
5,identifier,PgfBoxColor,paragraph box color,
5,identifier,PrevMenuItemInMenu,previous menu item in menu,
5,identifier,PrintSeps,print seps,
5,identifier,PrintThumbnails,print thumbnails,
5,identifier,SimpleSave,simple save,
5,identifier,TblAlignment,table alignment,
5,identifier,TblBody,table body,
5,identifier,TblColumn,table column,
5,identifier,VariableName,variable name,
4,identifier,AddMenuToMenu,add menu to menu,
4,identifier,ArrowStyle,arrow style,
4,identifier,AttrCondExprCatalog,attribute condition expression catalog,
4,identifier,AttrCondExprStr,attribute condition expression string,
4,identifier,AttributeEx,attribute ex,
4,identifier,BoolCondCatalog,bool condition catalog,
4,identifier,ChooseFile,choose file,
4,identifier,CompareRet,compare ret,
4,identifier,ContentHeight,content height,
4,identifier,ContinueNumbering,continue numbering,
4,identifier,ConvertToText,convert to text,
4,identifier,CustomElementList,custom element list,
4,identifier,DashedStyle,dashed style,
4,identifier,DeleteTextInsetContents,delete text inset contents,
4,identifier,DocFluidFlow,document fluid flow,
4,identifier,ElementCatalogDisplay,element catalog display,
4,identifier,ElementLoc,element location,
4,identifier,FirstOpenDoc,first open document,
4,identifier,FirstPageNum,first page number,
4,identifier,FnFirstNum,footnote first number,
4,identifier,FontPlatformName,font platform name,
4,identifier,FontPostScriptName,font post script name,
4,identifier,GetImportDefaultParams,get import default parameters,
4,identifier,GetIntByName,get integer by name,
4,identifier,GetNamedCharFmt,get named character format,
4,identifier,GetUniqueObject,get unique object,
4,identifier,ImportFmtInclude,import format include,
4,identifier,InCondition,in condition,
4,identifier,InTextFrame,in text frame,
4,identifier,InTextObj,in text object,
4,identifier,InlineComponentInfo,inline component info,
4,identifier,InlineComponentsInfo,inline components info,
4,identifier,LastUpdate,last update,
4,identifier,MakeTblSelection,make table selection,
4,identifier,MaxJLetSpace,max j let space,
4,identifier,NewElement,new element,
4,identifier,NextElementDFS,next element depth first search,
4,identifier,NextOpenDocInSession,next open document in session,
4,identifier,NextPgfFmtInDoc,next paragraph format in document,
4,identifier,NextTiInDoc,next text inset in document,
4,identifier,PageFrame,page frame,
4,identifier,PageObj,page object,
4,identifier,PenWidth,pen width,
4,identifier,PgfFIndent,paragraph f indent,
4,identifier,PgfLIndent,paragraph l indent,
4,identifier,PgfNextTag,paragraph next tag,
4,identifier,PgfUseNextTag,paragraph use next tag,
4,identifier,PrintLastSheetFirst,print last sheet first,
4,identifier,PrintNumCopies,print number copies,
4,identifier,SepOverride,separator override,
4,identifier,SetTextPropVal,set text property value,
4,identifier,SilentPrintDoc,silent print document,
4,identifier,SimpleGenerate,simple generate,
4,identifier,SimpleImportElementDefs,simple import element defs,
4,identifier,StartNumbering,start numbering,
4,identifier,StatusLine,status line,
4,identifier,StyleCatalog,style catalog,
4,identifier,TabStop,tab stop,
4,identifier,TblBodyRowRuling,table body row ruling,
4,identifier,TblColWidths,table column widths,
4,identifier,TblHFColor,table hf color,
4,identifier,TblHFFill,table hf fill,
4,identifier,TblHFRowRuling,table hf row ruling,
4,identifier,TblInitNumBodyRows,table initialize number body rows,
4,identifier,TblInitNumFRows,table initialize number f rows,
4,identifier,TblInitNumHRows,table initialize number h rows,
4,identifier,TblNumColumns,table number columns,
4,identifier,TblPlacement,table placement,
4,identifier,TblTitleGap,table title gap,
4,identifier,TblWidth,table width,
4,identifier,TextLocToElementLoc,text location to element location,
4,identifier,TextRectID,text rectangle id,
4,identifier,TiApiClient,text inset api client,
4,identifier,TiAutomaticUpdate,text inset automatic update,
4,identifier,TiFile,text inset file,
4,identifier,TiFileModDate,text inset file mod date,
4,identifier,TiLocked,text inset locked,
4,identifier,TopSeparator,top separator,
4,identifier,UnWrapElement,un wrap element,
4,identifier,UnanchoredF,unanchored f,
4,identifier,UpdateBook,update book,
4,identifier,UpdateTextInset,update text inset,
4,identifier,UseSameNumbering,use same numbering,
4,identifier,VariableDef,variable definition,
4,identifier,YakumonoType,yakumono type,
4,identifier,ZenArabic,zen arabic,
3,identifier,ActiveBook,active book,
3,identifier,AddCols,add columns,
3,identifier,AddRows,add rows,
3,identifier,AdjHyphens,adj hyphens,
3,identifier,ArrowHead,arrow head,
3,identifier,AsianComposer,asian composer,
3,identifier,AttrCondExprTag,attribute condition expression tag,
3,identifier,AttrCondState,attribute condition state,
3,identifier,AttributeDefs,attribute defs,
3,identifier,AttributeTag,attribute tag,
3,identifier,AttributeValue,attribute value,
3,identifier,AutoNumChar,auto number character,
3,identifier,AutoNumString,auto number string,
3,identifier,BlockLines,block lines,
3,identifier,BookMainMenu,book main menu,
3,identifier,BottomSeparator,bottom separator,
3,identifier,CellAngle,cell angle,
3,identifier,CellBottomMargin,cell bottom margin,
3,identifier,CellLeftMargin,cell left margin,
3,identifier,CellRightMargin,cell right margin,
3,identifier,CellTopMargin,cell top margin,
3,identifier,CellVAlignment,cell v alignment,
3,identifier,ChapNumComputeMethod,chap number compute method,
3,identifier,ChapterNumStyle,chapter number style,
3,identifier,ChapterNumText,chapter number text,
3,identifier,ChapterNumber,chapter number,
3,identifier,CharTag,character tag,
3,identifier,ColorTag,color tag,
3,identifier,ColumnTop,column top,
3,identifier,ComponentType,component type,
3,identifier,CondFmtIsShown,condition format is shown,
3,identifier,DashedPattern,dashed pattern,
3,identifier,DefAttrValues,definition attribute values,
3,identifier,DefAttrValuesCatalog,definition attribute values catalog,
3,identifier,DeleteCols,delete columns,
3,identifier,DeleteRows,delete rows,
3,identifier,FilterArgs,filter args,
3,identifier,FirstCharFmtInDoc,first character format in document,
3,identifier,FirstChildElement,first child element,
3,identifier,FirstComponentInBook,first component in book,
3,identifier,FirstIndent,first indent,
3,identifier,FirstTblInDoc,first table in document,
3,identifier,FmtChangeLi,format change li,
3,identifier,FnNumComputeMethod,footnote number compute method,
3,identifier,FormatOverride,format override,
3,identifier,FrameType,frame type,
3,identifier,GetOpenDefaultParams,get open default parameters,
3,identifier,GetTextProps,get text properties,
3,identifier,HeadCap,head cap,
3,identifier,HomeDir,home dir,
3,identifier,HypertextCommandText,hypertext command text,
3,identifier,HyphMinPrefix,hyph min prefix,
3,identifier,HyphMinSuffix,hyph min suffix,
3,identifier,HyphMinWord,hyph min word,
3,identifier,ImportObFileDI,import ob file di,
3,identifier,InCond,in condition,
3,identifier,IsIconified,is iconified,
3,identifier,IsInFront,is in front,
3,identifier,KanjiKazu,kanji kazu,
3,identifier,KeepWithNext,keep with next,
3,identifier,KeepWithPrev,keep with previous,
3,identifier,LastGraphicInFrame,last graphic in frame,
3,identifier,LeftIndent,left indent,
3,identifier,LetterSpace,letter space,
3,identifier,MasterPag,master pag,
3,identifier,MathFullForm,math full form,
3,identifier,MaxJRomSpace,max j rom space,
3,identifier,MaxSpace,max space,
3,identifier,MenuItemIsEnabled,menu item is enabled,
3,identifier,MetricT,metric t,
3,identifier,MinJLetSpace,min j let space,
3,identifier,MinJRomSpace,min j rom space,
3,identifier,MinSpace,min space,
3,identifier,NewElementInHierarchy,new element in hierarchy,
3,identifier,NextBookComponentInDFSOrder,next book component in depth first search order,
3,identifier,NextMenuItemInSession,next menu item in session,
3,identifier,NextTblInDoc,next table in document,
3,identifier,NumAtEnd,number at end,
3,identifier,NumTabs,number tabs,
3,identifier,OpenFile,open file,
3,identifier,OptJLetSpace,opt j let space,
3,identifier,OptJRomSpace,opt j rom space,
3,identifier,OptSpace,opt space,
3,identifier,PageAngle,page angle,
3,identifier,PageNext,page next,
3,identifier,PageNumComputeMethod,page number compute method,
3,identifier,PageObject,page object,
3,identifier,PagePrev,page previous,
3,identifier,PageRounding,page rounding,
3,identifier,PageTag,page tag,
3,identifier,PageTop,page top,
3,identifier,PgfCellAlignment,paragraph cell alignment,
3,identifier,PgfDir,paragraph dir,
3,identifier,PgfIsAutoNum,paragraph is auto number,
3,identifier,PgfLanguage,paragraph language,
3,identifier,PgfNumTabs,paragraph number tabs,
3,identifier,PgfPlacementStyle,paragraph placement style,
3,identifier,PgfRIndent,paragraph r indent,
3,identifier,PrintBlankPages,print blank pages,
3,identifier,PrintEvenPages,print even pages,
3,identifier,PrintOddPages,print odd pages,
3,identifier,PrintScale,print scale,
3,identifier,PrintToFile,print to file,
3,identifier,PropIdent,property ident,
3,identifier,QuickDraw,quick draw,
3,identifier,RightIndent,right indent,
3,identifier,RightMasterPage,right master page,
3,identifier,RunInSeparator,run in separator,
3,identifier,RunaroundType,runaround type,
3,identifier,ScreenHeight,screen height,
3,identifier,ScreenWidth,screen width,
3,identifier,ScreenX,screen x,
3,identifier,ScreenY,screen y,
3,identifier,SectionNumStyle,section number style,
3,identifier,SectionNumText,section number text,
3,identifier,SetAttribute,set attribute,
3,identifier,SetIntByName,set integer by name,
3,identifier,ShrinkwrapGraphic,shrinkwrap graphic,
3,identifier,SizeGraphic,size graphic,
3,identifier,SizeToFitGraphic,size to fit graphic,
3,identifier,SmartQuotes,smart quotes,
3,identifier,SpaceAbove,space above,
3,identifier,SpaceBelow,space below,
3,identifier,SplitElement,split element,
3,identifier,TailCap,tail cap,
3,identifier,TblBodyColor,table body color,
3,identifier,TblBodyRowRulingPeriod,table body row ruling period,
3,identifier,TblCellMargins,table cell margins,
3,identifier,TblColRulingPeriod,table column ruling period,
3,identifier,TblColumnRuling,table column ruling,
3,identifier,TblColumnWidthA,table column width a,
3,identifier,TblColumnWidthP,table column width p,
3,identifier,TblLRuling,table l ruling,
3,identifier,TblLeftIndent,table left indent,
3,identifier,TblNumRows,table number rows,
3,identifier,TypedVals,typed values,
3,identifier,UniqueID,unique id,
3,identifier,UpdateMenus,update menus,
3,identifier,UpdateVariables,update variables,
3,identifier,UseBkColor,use book color,
3,identifier,UseSepOverride,use separator override,
3,identifier,UserLogin,user login,
3,identifier,VersionMajor,version major,
3,identifier,VersionMinor,version minor,
3,identifier,VolNumComputeMethod,vol number compute method,
3,identifier,VolumeNumStyle,volume number style,
3,identifier,VolumeNumText,volume number text,
3,identifier,WrapElement,wrap element,
2,identifier,AcrobatBookmarkDisplayTags,acrobat bookmark display tags,
2,identifier,AddNewBuildExpr,add new build expression,
2,identifier,AllocatePropVals,allocate property values,
2,identifier,AnchorAlign,anchor align,
2,identifier,AnchorBeside,anchor beside,
2,identifier,ApplyAttributeExpression,apply attribute expression,
2,identifier,ApplyFormatting,apply formatting,
2,identifier,AttrDisplay,attribute display,
2,identifier,AttributeDe,attribute de,
2,identifier,AutoChangeBars,auto change bars,
2,identifier,BasePointX,base point x,
2,identifier,BasePointY,base point y,
2,identifier,BitMapDpi,bit map dots per inch,
2,identifier,BoldRed,bold red,
2,identifier,BookErrorLog,book error log,
2,identifier,BoolCondExpr,bool condition expression,
2,identifier,BoolCondState,bool condition state,
2,identifier,BoolCondTag,bool condition tag,
2,identifier,CallClient,call client,
2,identifier,CanadianFrench,canadian french,
2,identifier,CaptureChrFormatUndoSnapshot,capture chr format undo snapshot,
2,identifier,CellAffectsColumnWidthA,cell affects column width a,
2,identifier,CellColumns,cell columns,
2,identifier,CellHeading,cell heading,
2,identifier,CellMarginsFixed,cell margins fixed,
2,identifier,CellOverrideRightRuling,cell override right ruling,
2,identifier,CellOverrideShading,cell override shading,
2,identifier,CellOverrideTopRuling,cell override top ruling,
2,identifier,CellRows,cell rows,
2,identifier,CenterOnText,center on text,
2,identifier,ChangeBarColor,change bar color,
2,identifier,ChapNumStyle,chap number style,
2,identifier,CheckStatus,check status,
2,identifier,ClearAllChangebars,clear all changebars,
2,identifier,ColorAttribute,color attribute,
2,identifier,ColorIsCyan,color is cyan,
2,identifier,ColorIsReserved,color is reserved,
2,identifier,ColorOverprint,color overprint,
2,identifier,CombinedF,combined f,
2,identifier,CombinedFamilyFonts,combined family fonts,
2,identifier,ComponentIsSelected,component is selected,
2,identifier,ContextLabel,context label,
2,identifier,CorelDRAW,corel draw,
2,identifier,DashSegment,dash segment,
2,identifier,DefineMenu,define menu,
2,identifier,DeleteBuildExpr,delete build expression,
2,identifier,DeleteText,delete text,
2,identifier,DeleteUnusedCharFmt,delete unused character format,
2,identifier,DeleteUnusedPgfFmt,delete unused paragraph format,
2,identifier,DemoteElement,demote element,
2,identifier,DocAcrobatColumnArticleThreads,document acrobat column article threads,
2,identifier,DocAcrobatDefaultsChanged,document acrobat defaults changed,
2,identifier,DocAcrobatElementList,document acrobat element list,
2,identifier,DocAcrobatElements,document acrobat elements,
2,identifier,DocAcrobatNoArticleThreads,document acrobat no article threads,
2,identifier,DocFileInfo,document file info,
2,identifier,DocIsModified,document is modified,
2,identifier,DocPDFElementList,document pdf element list,
2,identifier,DocPDFElements,document pdf elements,
2,identifier,DocPDFNoArticleThread,document pdf no article thread,
2,identifier,ElementCata,element cata,
2,identifier,ElementCatalog,element catalog,
2,identifier,ElementDefIsText,element definition is text,
2,identifier,ElementInCatalog,element in catalog,
2,identifier,ElementIsCollapsed,element is collapsed,
2,identifier,ElementLocToTextLoc,element location to text location,
2,identifier,EndInset,end inset,
2,identifier,EqualizeWidths,equalize widths,
2,identifier,ExecuteCommand,execute command,
2,identifier,ExtendScriptSample,extend script sample,
2,identifier,ExtractTags,extract tags,
2,identifier,FileMaker,file maker,
2,identifier,FileMenu,file menu,
2,identifier,FileSize,file size,
2,identifier,FirstAFrame,first a frame,
2,identifier,FirstCell,first cell,
2,identifier,FirstCellInRow,first cell in row,
2,identifier,FirstElementDefInDoc,first element definition in document,
2,identifier,FirstFmtChangeListInDoc,first format change list in document,
2,identifier,FirstFn,first footnote,
2,identifier,FirstMarkerInDoc,first marker in document,
2,identifier,FirstOpenBook,first open book,
2,identifier,FirstPage,first page,
2,identifier,FirstPgfRules,first paragraph rules,
2,identifier,FirstRowInTbl,first row in table,
2,identifier,FlipLR,flip lr,
2,identifier,FlowIsSynchronized,flow is synchronized,
2,identifier,FmtRuleClauses,format rule clauses,
2,identifier,FnCustNumString,footnote cust number string,
2,identifier,FnNumStyle,footnote number style,
2,identifier,GenerateAcrobatInfo,generate acrobat info,
2,identifier,GenerateInclude,generate include,
2,identifier,GetActiveBuildExpr,get active build expression,
2,identifier,GetAttributeDefs,get attribute defs,
2,identifier,GetAttributes,get attributes,
2,identifier,GetBuildExpr,get build expression,
2,identifier,GetBuildExprCatalog,get build expression catalog,
2,identifier,GetMetricByName,get metric by name,
2,identifier,GetNamed,get named,
2,identifier,GetNamedAttrCondExpr,get named attribute condition expression,
2,identifier,GetNamedColor,get named color,
2,identifier,GetNamedCondFmt,get named condition format,
2,identifier,GetNamedElementDef,get named element definition,
2,identifier,GetNamedFmtChangeList,get named format change list,
2,identifier,GetNamedMasterPage,get named master page,
2,identifier,GetNamedPgfFmt,get named paragraph format,
2,identifier,GetNamedRefPage,get named reference page,
2,identifier,GetNamedRulingFmt,get named ruling format,
2,identifier,GetNamedTblFmt,get named table format,
2,identifier,GetNamedUnanchoredFrame,get named unanchored frame,
2,identifier,GetNamedVarFmt,get named variable format,
2,identifier,GetSaveDefaultParams,get save default parameters,
2,identifier,GetTableColumnByColNum,get table column by column number,
2,identifier,GetText2,get text2,
2,identifier,GetTextForRange2,get text for range2,
2,identifier,GetTextVal,get text value,
2,identifier,GetUBytesByName,get u bytes by name,
2,identifier,GetUpdateBookDefaultParams,get update book default parameters,
2,identifier,GroupID,group id,
2,identifier,HasShiftOrUnshiftCommand,has shift or unshift command,
2,identifier,HypertextCommand,hypertext command,
2,identifier,HypertextDoValidate,hypertext do validate,
2,identifier,HypertextParseBadParam,hypertext parse bad parameter,
2,identifier,ImageMark,image mark,
2,identifier,ImportHintString,import hint string,
2,identifier,ImportObFile,import ob file,
2,identifier,ImportObFixedSize,import ob fixed size,
2,identifier,ImportObUpdater,import ob updater,
2,identifier,InHeader,in header,
2,identifier,InitialAutoNums,initial auto nums,
2,identifier,InlineComponentType,inline component type,
2,identifier,InsertLinks,insert links,
2,identifier,InsetGfxActiveInPdf,inset graphic active in pdf,
2,identifier,InsetJavaScriptFile,inset java script file,
2,identifier,InsetU3dAnimationList,inset u3d animation list,
2,identifier,InsetU3dPartList,inset u3d part list,
2,identifier,IsDefault,is default,
2,identifier,IsStale,is stale,
2,identifier,LastAFrame,last a frame,
2,identifier,LastCell,last cell,
2,identifier,LastFn,last footnote,
2,identifier,LastLineRightIndent,last line right indent,
2,identifier,LastPage,last page,
2,identifier,LastPgfRules,last paragraph rules,
2,identifier,LaunchCommandCatalog,launch command catalog,
2,identifier,LaunchPalette,launch palette,
2,identifier,LeftMasterPage,left master page,
2,identifier,LineSpacing,line spacing,
2,identifier,MacPaint,mac paint,
2,identifier,MakeReadableShortcut,make readable shortcut,
2,identifier,MarkerText,marker text,
2,identifier,MarkerTypeId,marker type id,
2,identifier,MarkerTypeNames,marker type names,
2,identifier,MenuItemInMenu,menu item in menu,
2,identifier,MergeInto,merge into,
2,identifier,MergeIntoFirst,merge into first,
2,identifier,MergeIntoLast,merge into last,
2,identifier,MetaData,meta data,
2,identifier,MoveComponent,move component,
2,identifier,NativeOrigin,native origin,
2,identifier,NewAnchoredAFrame,new anchored a frame,
2,identifier,NewAnchoredFn,new anchored footnote,
2,identifier,NewAnchoredFormattedTbl,new anchored formatted table,
2,identifier,NewAnchoredFormattedXRef,new anchored formatted x reference,
2,identifier,NewAnchoredMarker,new anchored marker,
2,identifier,NewAnchoredTbl,new anchored table,
2,identifier,NewAnchoredTiApiClient,new anchored text inset api client,
2,identifier,NewArc,new arc,
2,identifier,NewBookComponentInHierarchy,new book component in hierarchy,
2,identifier,NewElemAttrDisplay,new element attribute display,
2,identifier,NewElemAttrEditing,new element attribute editing,
2,identifier,NewEllipse,new ellipse,
2,identifier,NewFlow,new flow,
2,identifier,NewFmtChangeList,new format change list,
2,identifier,NewFmtRuleClauses,new format rule clauses,
2,identifier,NewFmtRuleObject,new format rule object,
2,identifier,NewGroup,new group,
2,identifier,NewInlineComponentOfType,new inline component of type,
2,identifier,NewInset,new inset,
2,identifier,NewLastPgfRules,new last paragraph rules,
2,identifier,NewLine,new line,
2,identifier,NewMath,new math,
2,identifier,NewMathML,new math ml,
2,identifier,NewNamed,new named,
2,identifier,NewNamedAttrCondExpr,new named attribute condition expression,
2,identifier,NewNamedColor,new named color,
2,identifier,NewNamedCombinedFontDefn,new named combined font defn,
2,identifier,NewNamedCondFmt,new named condition format,
2,identifier,NewNamedFmtChangeList,new named format change list,
2,identifier,NewNamedMarkerType,new named marker type,
2,identifier,NewNamedMasterPage,new named master page,
2,identifier,NewNamedPgfFmt,new named paragraph format,
2,identifier,NewNamedRefPage,new named reference page,
2,identifier,NewNamedRulingFmt,new named ruling format,
2,identifier,NewNamedTblFmt,new named table format,
2,identifier,NewNamedVarFmt,new named variable format,
2,identifier,NewNamedXRefFmt,new named x reference format,
2,identifier,NewObjectFmtRules,new object format rules,
2,identifier,NewPolygon,new polygon,
2,identifier,NewPolyline,new polyline,
2,identifier,NewPrefixRules,new prefix rules,
2,identifier,NewRectangle,new rectangle,
2,identifier,NewRoundRect,new round rectangle,
2,identifier,NewSeriesBodyPage,new series body page,
2,identifier,NewSeriesBookComponent,new series book component,
2,identifier,NewSeriesPgf,new series paragraph,
2,identifier,NewSubFmtRule,new sub format rule,
2,identifier,NewSuffixRules,new suffix rules,
2,identifier,NewTemplate,new template,
2,identifier,NewTextFmtRules,new text format rules,
2,identifier,NewTextFrame,new text frame,
2,identifier,NewTextLine,new text line,
2,identifier,NewUnanchoredFrame,new unanchored frame,
2,identifier,NextCharFmtInDoc,next character format in document,
2,identifier,NextMarkerInDoc,next marker in document,
2,identifier,NextOpenBookInSession,next open book in session,
2,identifier,NextPgfInDoc,next paragraph in document,
2,identifier,NextRowInTbl,next row in table,
2,identifier,NextTag,next tag,
2,identifier,NoLanguage,no language,
2,identifier,NotActive,not active,
2,identifier,NotAnchored,not anchored,
2,identifier,NumCols,number columns,
2,identifier,ObColor,ob color,
2,identifier,ObTint,ob tint,
2,identifier,ObjectFmtRules,object format rules,
2,identifier,OpenBehavior,open behavior,
2,identifier,OrphanRows,orphan rows,
2,identifier,PageNumStyle,page number style,
2,identifier,PageSize,page size,
2,identifier,PgfCellBMarginFixed,paragraph cell b margin fixed,
2,identifier,PgfCellLMarginFixed,paragraph cell l margin fixed,
2,identifier,PgfCellMargins,paragraph cell margins,
2,identifier,PgfCellRMarginFixed,paragraph cell r margin fixed,
2,identifier,PgfCellTMarginFixed,paragraph cell t margin fixed,
2,identifier,PgfLeading,paragraph leading,
2,identifier,PgfLineSpacing,paragraph line spacing,
2,identifier,PgfLocked,paragraph locked,
2,identifier,PgfNumComputeMethod,paragraph number compute method,
2,identifier,PgfRunInDefaultPunct,paragraph run in default punct,
2,identifier,PgfSpAfter,paragraph space after,
2,identifier,PgfSpBefore,paragraph space before,
2,identifier,PolyIsBezier,poly is bezier,
2,identifier,PrefixRules,prefix rules,
2,identifier,PrevGraphicInDoc,previous graphic in document,
2,identifier,PrintCollated,print collated,
2,identifier,PrintEmulsion,print emulsion,
2,identifier,PrintEndPage,print end page,
2,identifier,PrintFileName,print file name,
2,identifier,PrintImaging,print imaging,
2,identifier,PrintLowRes,print low resolution,
2,identifier,PrintPaperHeight,print paper height,
2,identifier,PrintPaperWidth,print paper width,
2,identifier,PrintRegistrationMarks,print registration marks,
2,identifier,PrintStartPage,print start page,
2,identifier,PrinterName,printer name,
2,identifier,PromoteElement,promote element,
2,identifier,QuickMakerMainMenu,quick maker main menu,
2,identifier,QuickSelect,quick select,
2,identifier,QuickTime,quick time,
2,identifier,ReRotateAngle,re rotate angle,
2,identifier,ReadFromFile,read from file,
2,identifier,RectangleIsSmoothed,rectangle is smoothed,
2,identifier,ResetEqnSettings,reset equation settings,
2,identifier,ResetReferenceFrames,reset reference frames,
2,identifier,RestartPgfNumbering,restart paragraph numbering,
2,identifier,RowMaxHeight,row max height,
2,identifier,RowMinHeight,row min height,
2,identifier,RuleClauseType,rule clause type,
2,identifier,RulingGap,ruling gap,
2,identifier,RulingLines,ruling lines,
2,identifier,RulingPenWidth,ruling pen width,
2,identifier,RunIntoParagraph,run into paragraph,
2,identifier,ScaleFactor,scale factor,
2,identifier,ScrollToText,scroll to text,
2,identifier,SecNumComputeMethod,sec number compute method,
2,identifier,SectionNumber,section number,
2,identifier,SeparateInclusions,separate inclusions,
2,identifier,SetElementRange,set element range,
2,identifier,SetMetricByName,set metric by name,
2,identifier,SetTextVal,set text value,
2,identifier,SetUBytesByName,set u bytes by name,
2,identifier,ShiftJIS,shift jis,
2,identifier,ShowAll,show all,
2,identifier,ShowElementDescriptiveNames,show element descriptive names,
2,identifier,SimplifiedChinese,simplified chinese,
2,identifier,SkipBlankSeps,skip blank seps,
2,identifier,SourceType,source type,
2,identifier,StraddleCells,straddle cells,
2,identifier,StructuredApplication,structured application,
2,identifier,StyleOverrides,style overrides,
2,identifier,SubFmtRule,sub format rule,
2,identifier,SubsecNumComputeMethod,subsec number compute method,
2,identifier,SubsectionNumStyle,subsection number style,
2,identifier,SubsectionNumText,subsection number text,
2,identifier,SubsectionNumber,subsection number,
2,identifier,SuffixRules,suffix rules,
2,identifier,SwissGerman,swiss german,
2,identifier,TblAltShadePeriod,table alt shade period,
2,identifier,TblBRuling,table b ruling,
2,identifier,TblBlockSize,table block size,
2,identifier,TblBodyFill,table body fill,
2,identifier,TblBodyFirstColor,table body first color,
2,identifier,TblBodyFirstFill,table body first fill,
2,identifier,TblBodyFirstPeriod,table body first period,
2,identifier,TblBodyNextColor,table body next color,
2,identifier,TblBodyNextFill,table body next fill,
2,identifier,TblBodyNextPeriod,table body next period,
2,identifier,TblBodyShadeBy,table body shade by,
2,identifier,TblBottomRuling,table bottom ruling,
2,identifier,TblCatalogEntry,table catalog entry,
2,identifier,TblCellBottomMargin,table cell bottom margin,
2,identifier,TblCellLeftMargin,table cell left margin,
2,identifier,TblCellRightMargin,table cell right margin,
2,identifier,TblCellTopMargin,table cell top margin,
2,identifier,TblColRuling,table column ruling,
2,identifier,TblColumnBody,table column body,
2,identifier,TblFnCustNumString,table footnote cust number string,
2,identifier,TblFnNumStyle,table footnote number style,
2,identifier,TblHFSeparatorRuling,table hf separator ruling,
2,identifier,TblInitNumCols,table initialize number columns,
2,identifier,TblInitNumColumns,table initialize number columns,
2,identifier,TblLIndent,table l indent,
2,identifier,TblLastBRuling,table last b ruling,
2,identifier,TblLastBodyRuling,table last body ruling,
2,identifier,TblLeftRuling,table left ruling,
2,identifier,TblLocked,table locked,
2,identifier,TblNumByColumn,table number by column,
2,identifier,TblNumbering,table numbering,
2,identifier,TblOtherBodyRowRuling,table other body row ruling,
2,identifier,TblOtherColRuling,table other column ruling,
2,identifier,TblRIndent,table r indent,
2,identifier,TblRRuling,table r ruling,
2,identifier,TblRightIndent,table right indent,
2,identifier,TblRightRuling,table right ruling,
2,identifier,TblRulingPeriod,table ruling period,
2,identifier,TblSeparatorRuling,table separator ruling,
2,identifier,TblShadeByColumn,table shade by column,
2,identifier,TblShadePeriod,table shade period,
2,identifier,TblSpAfter,table space after,
2,identifier,TblSpBefore,table space before,
2,identifier,TblSpaceAbove,table space above,
2,identifier,TblSpaceBelow,table space below,
2,identifier,TblTRuling,table t ruling,
2,identifier,TblTitleContent,table title content,
2,identifier,TblTitlePgf1,table title pgf1,
2,identifier,TblTitlePlacement,table title placement,
2,identifier,TblTitlePosition,table title position,
2,identifier,TblTopRuling,table top ruling,
2,identifier,TblXColor,table x color,
2,identifier,TblXColumnNum,table x column number,
2,identifier,TblXColumnRuling,table x column ruling,
2,identifier,TblXFill,table x fill,
2,identifier,TblXRowRuling,table x row ruling,
2,identifier,TextFmtRules,text format rules,
2,identifier,TextIte,text ite,
2,identifier,TextLineType,text line type,
2,identifier,TiFlow,text inset flow,
2,identifier,TiText,text inset text,
2,identifier,TiTextEncoding,text inset text encoding,
2,identifier,TiTextTable,text inset text table,
2,identifier,TintBaseColor,tint base color,
2,identifier,TipAngle,tip angle,
2,identifier,TopMargin,top margin,
2,identifier,TrackChangesAcceptAll,track changes accept all,
2,identifier,TrackChangesRejectAll,track changes reject all,
2,identifier,TraditionalChinese,traditional chinese,
2,identifier,TypeOfDisplayText,type of display text,
2,identifier,TypedVa,typed va,
2,identifier,UnStraddleCells,un straddle cells,
2,identifier,UndoChrFormatApply,undo chr format apply,
2,identifier,UnwrapElement,unwrap element,
2,identifier,UpdateDITAReferences,update dita references,
2,identifier,UpdateXRef,update x reference,
2,identifier,UseInitialStructure,use initial structure,
2,identifier,UseNextTag,use next tag,
2,identifier,UserOnly,user only,
2,identifier,VersionRevision,version revision,
2,identifier,ViewOnlyDeadCodes,view only dead codes,
2,identifier,ViewOnlyWinBorders,view only win borders,
2,identifier,ViewOnlyWinPopup,view only win popup,
2,identifier,VolNumStyle,vol number style,
2,identifier,VolumeNumber,volume number,
2,identifier,WebDAV,web dav,
2,identifier,XmlDocType,xml document type,
2,identifier,XmlEncoding,xml encoding,
2,identifier,XmlFileEncoding,xml file encoding,
2,identifier,XmlPublicId,xml public id,
2,identifier,XmlStandAlone,xml stand alone,
2,identifier,XmlStyleSheet,xml style sheet,
2,identifier,XmlStyleSheetList,xml style sheet list,
2,identifier,XmlSystemId,xml system id,
2,identifier,XmlUseBOM,xml use bom,
2,identifier,XmlVersion,xml version,
2,identifier,XmlWellFormed,xml well formed,
1,identifier,ALT_GFX_INSET,alt graphic inset,
1,identifier,ALT_TXT_INSET,alt txt inset,
1,identifier,AMT_DEACTIVATION,amt deactivation,
1,identifier,AMT_REGISRATION,amt regisration,
1,identifier,AMT_UPDATES,amt updates,
1,identifier,AcrobatLevel,acrobat level,
1,identifier,ActiveView,active view,
1,identifier,AddMarkerTypeToStandardMarkers,add marker type to standard markers,
1,identifier,AdobeFrameMaker,adobe frame maker,
1,identifier,AllowAsSpecialCase,allow as special case,
1,identifier,AllowNewFileURL,allow new file url,
1,identifier,AllowedDataRange,allowed data range,
1,identifier,AlsoInsert,also insert,
1,identifier,AlsoInserts,also inserts,
1,identifier,AnchorDirection,anchor direction,
1,identifier,AnchorType,anchor type,
1,identifier,AnchoredFormattedTbl,anchored formatted table,
1,identifier,AnchoredFormattedVar,anchored formatted variable,
1,identifier,AnchoredFormattedXRef,anchored formatted x reference,
1,identifier,AnchoredFrame,anchored frame,
1,identifier,ApplyConditionalSettings,apply conditional settings,
1,identifier,ApplyFormatRules,apply format rules,
1,identifier,ArcDTheta,arc d theta,
1,identifier,ArcRect,arc rectangle,
1,identifier,ArcTheta,arc theta,
1,identifier,AttrCondE,attribute condition e,
1,identifier,AttrCondExp,attribute condition exp,
1,identifier,AttrCondExprIsActive,attribute condition expression is active,
1,identifier,AttributeValueInvalid,attribute value invalid,
1,identifier,AttributesEx,attributes ex,
1,identifier,AustriaGerman,austria german,
1,identifier,AutoBackup,auto backup,
1,identifier,AutoNumSeries,auto number series,
1,identifier,AutoSave,auto save,
1,identifier,AutoSaveSeconds,auto save seconds,
1,identifier,AutoScaleImageAlongWidth,auto scale image along width,
1,identifier,BannerText,banner text,
1,identifier,BannerTextDisplay,banner text display,
1,identifier,BaseAngle,base angle,
1,identifier,BaseFamily,base family,
1,identifier,BaselineOffset,baseline offset,
1,identifier,BinDir,bin dir,
1,identifier,BodyPag,body pag,
1,identifier,BookComponentFileType,book component file type,
1,identifier,BookComponentIsFolderWithTemplate,book component is folder with template,
1,identifier,BookComponentIsFolderWithoutTempl,book component is folder without templ,
1,identifier,BookComponentIsGeneratable,book component is generatable,
1,identifier,BookComponentMissing,book component missing,
1,identifier,BookComponentParent,book component parent,
1,identifier,BookComponentTemplatePath,book component template path,
1,identifier,BookComponentTitle,book component title,
1,identifier,BookComponentType,book component type,
1,identifier,BookDontUpdateReferences,book dont update references,
1,identifier,BookFileMenu,book file menu,
1,identifier,BookId,book id,
1,identifier,BookIsModified,book is modified,
1,identifier,BookIsSelected,book is selected,
1,identifier,BookIsViewOnly,book is view only,
1,identifier,BookMIF,book mif,
1,identifier,BookMap,book map,
1,identifier,BookParent,book parent,
1,identifier,BoolString,bool string,
1,identifier,BooleanConditionExpression,boolean condition expression,
1,identifier,BooleanConditionExpressionTag,boolean condition expression tag,
1,identifier,BooleanConditionState,boolean condition state,
1,identifier,BottomMargin,bottom margin,
1,identifier,BottomRowSelection,bottom row selection,
1,identifier,BottomSepAtIndent,bottom separator at indent,
1,identifier,BuildExpr,build expression,
1,identifier,ByClient,by client,
1,identifier,CHAR_APPLY_CAT_TO_SEL,character apply cat to selection,
1,identifier,CHAR_APPLY_TAG,character apply tag,
1,identifier,CHAR_DESIGNKIT_APPLY,character designkit apply,
1,identifier,CHAR_DESIGNKIT_NEWFORMAT,character designkit newformat,
1,identifier,CHAR_DESIGNKIT_RESET,character designkit reset,
1,identifier,CHAR_DESIGNKIT_UPDATEALL,character designkit update all,
1,identifier,CHAR_DESIGNKIT_UPDATEOPTIO,character designkit updateoptio,
1,identifier,CHAR_DESIGN_CAT,character design cat,
1,identifier,CMD_OPEN_DITAMAP_COMPON,command open ditamap compon,
1,identifier,CONDTEXT_KIT_APPLY,condtext kit apply,
1,identifier,CSR_BEFORE_ELEMENT,cursor before element,
1,identifier,CSR_BOE,cursor boe,
1,identifier,CSR_BOL,cursor bol,
1,identifier,CSR_BOP,cursor bop,
1,identifier,CSR_BOS,cursor bos,
1,identifier,CSR_BOT,cursor bot,
1,identifier,CSR_BOTR,cursor botr,
1,identifier,CSR_BOW,cursor bow,
1,identifier,CSR_DOWN,cursor down,
1,identifier,CSR_EOE,cursor eoe,
1,identifier,CSR_EOL,cursor end of line,
1,identifier,CSR_EOP,cursor eop,
1,identifier,CSR_EOS,cursor end of sentence,
1,identifier,CSR_EOW,cursor end of word,
1,identifier,CSR_FIRST_COL,cursor first column,
1,identifier,CSR_HOME,cursor home,
1,identifier,CSR_INTO_CHILD,cursor into child,
1,identifier,CSR_LEFT,cursor left,
1,identifier,CSR_NEXT_BOP,cursor next bop,
1,identifier,CSR_NEXT_BOS,cursor next bos,
1,identifier,CSR_NEXT_BOW,cursor next bow,
1,identifier,CSR_NEXT_COL,cursor next column,
1,identifier,CSR_NEXT_ELEMENT,cursor next element,
1,identifier,CSR_PREV_ELEMENT,cursor previous element,
1,identifier,CSR_PREV_EOS,cursor previous end of sentence,
1,identifier,CSR_PREV_EOW,cursor previous end of word,
1,identifier,CSR_RIGHT,cursor right,
1,identifier,CSR_TOP,cursor top,
1,identifier,CSR_TOTR,cursor totr,
1,identifier,CSR_UP,cursor up,
1,identifier,CanHaveCheckMark,can have check mark,
1,identifier,CellAboveInCol,cell above in column,
1,identifier,CellBRuling,cell b ruling,
1,identifier,CellBelowInCol,cell below in column,
1,identifier,CellBody,cell body,
1,identifier,CellBottom,cell bottom,
1,identifier,CellBottomMarginChange,cell bottom margin change,
1,identifier,CellBottomMarginFixed,cell bottom margin fixed,
1,identifier,CellColNum,cell column number,
1,identifier,CellColor,cell color,
1,identifier,CellDefaultBottomRuling,cell default bottom ruling,
1,identifier,CellDefaultLeftRuling,cell default left ruling,
1,identifier,CellDefaultRightRuling,cell default right ruling,
1,identifier,CellDefaultTopRuling,cell default top ruling,
1,identifier,CellFill,cell fill,
1,identifier,CellIsShown,cell is shown,
1,identifier,CellIsStraddled,cell is straddled,
1,identifier,CellLRuling,cell l ruling,
1,identifier,CellLeftMarginChange,cell left margin change,
1,identifier,CellLeftMarginFixed,cell left margin fixed,
1,identifier,CellMargins,cell margins,
1,identifier,CellNumColsStraddled,cell number columns straddled,
1,identifier,CellNumRowsStraddled,cell number rows straddled,
1,identifier,CellOverrideBottomRuling,cell override bottom ruling,
1,identifier,CellOverrideFill,cell override fill,
1,identifier,CellOverrideLeftRuling,cell override left ruling,
1,identifier,CellRRuling,cell r ruling,
1,identifier,CellRightMarginFixed,cell right margin fixed,
1,identifier,CellRow,cell row,
1,identifier,CellSeparation,cell separation,
1,identifier,CellTRuling,cell t ruling,
1,identifier,CellTopMarginChange,cell top margin change,
1,identifier,CellTopMarginFixed,cell top margin fixed,
1,identifier,CellUseOverrideBRuling,cell use override b ruling,
1,identifier,CellUseOverrideFill,cell use override fill,
1,identifier,CellUseOverrideLRuling,cell use override l ruling,
1,identifier,CellUseOverrideRRuling,cell use override r ruling,
1,identifier,CellUseOverrideShading,cell use override shading,
1,identifier,CellUseOverrideTRuling,cell use override t ruling,
1,identifier,ChangeBarDistance,change bar distance,
1,identifier,ChangeBarPosition,change bar position,
1,identifier,ChangeBarThickness,change bar thickness,
1,identifier,ChapterNumComputeMethod,chapter number compute method,
1,identifier,ChapterNumStart,chapter number start,
1,identifier,CharacterReferencesOnXMLExport,character references on xml export,
1,identifier,CheckMarkIsOn,check mark is on,
1,identifier,CheckedIn,checked in,
1,identifier,CheckedOut,checked out,
1,identifier,ColGap,column gap,
1,identifier,ColGapWidth,column gap width,
1,identifier,CollapseAllAttrDisplays,collapse all attribute displays,
1,identifier,ColorBlack,color black,
1,identifier,ColorCyan,color cyan,
1,identifier,ColorFamilyName,color family name,
1,identifier,ColorInkName,color ink name,
1,identifier,ColorIsBlack,color is black,
1,identifier,ColorIsBlue,color is blue,
1,identifier,ColorIsDarkGrey,color is dark grey,
1,identifier,ColorIsForestGreen,color is forest green,
1,identifier,ColorIsGreen,color is green,
1,identifier,ColorIsLightSalmon,color is light salmon,
1,identifier,ColorIsMagenta,color is magenta,
1,identifier,ColorIsMauve,color is mauve,
1,identifier,ColorIsOlive,color is olive,
1,identifier,ColorIsPaleGreen,color is pale green,
1,identifier,ColorIsRed,color is red,
1,identifier,ColorIsRoyalBlue,color is royal blue,
1,identifier,ColorIsSalmon,color is salmon,
1,identifier,ColorIsWhite,color is white,
1,identifier,ColorIsYellow,color is yellow,
1,identifier,ColorLibraryFamilyName,color library family name,
1,identifier,ColorLibraryInkName,color library ink name,
1,identifier,ColorMagenta,color magenta,
1,identifier,ColorPantoneValue,color pantone value,
1,identifier,ColorPrintCtl,color print ctl,
1,identifier,ColorTint,color tint,
1,identifier,ColorTintBaseColor,color tint base color,
1,identifier,ColorTintPercent,color tint percent,
1,identifier,ColorViewCtl,color view ctl,
1,identifier,ColorYellow,color yellow,
1,identifier,ColumnGap,column gap,
1,identifier,ColumnIsShown,column is shown,
1,identifier,ColumnTbl,column table,
1,identifier,ColumnsAreBalanced,columns are balanced,
1,identifier,CombinedFontCatalog,combined font catalog,
1,identifier,CombinedFontDef,combined font definition,
1,identifier,CommandNum,command number,
1,identifier,ComponentDisplayText,component display text,
1,identifier,ComponentElement,component element,
1,identifier,ComponentIsDitaMap,component is dita map,
1,identifier,CompuServe,compu serve,
1,identifier,ConStringT,con string t,
1,identifier,ContPageNum,cont page number,
1,identifier,ContentIsLooselyValid,content is loosely valid,
1,identifier,ContentIsStrictlyValid,content is strictly valid,
1,identifier,ContentMustBeEmpty,content must be empty,
1,identifier,ContentNeededAtBegin,content needed at begin,
1,identifier,ContentNeededAtEnd,content needed at end,
1,identifier,CountElements,count elements,
1,identifier,CurrentDir,current dir,
1,identifier,CurrentMenuSet,current menu set,
1,identifier,CurrentPage,current page,
1,identifier,CustomFontFlag,custom font flag,
1,identifier,CustomMakerMainMenu,custom maker main menu,
1,identifier,CustomPgfFlag,custom paragraph flag,
1,identifier,CustomTblFlag,custom table flag,
1,identifier,DEL_BOL,delete bol,
1,identifier,DEL_BOS,delete bos,
1,identifier,DEL_BOW,delete bow,
1,identifier,DEL_CHARBWD,delete character backward,
1,identifier,DEL_CHARFWD,delete character forward,
1,identifier,DEL_EOL,delete end of line,
1,identifier,DEL_EOS,delete end of sentence,
1,identifier,DEL_EOW,delete end of word,
1,identifier,DEL_NEXT_SS,delete next ss,
1,identifier,DEL_SEL,delete selection,
1,identifier,DEL_WORD_END,delete word end,
1,identifier,DEL_WORD_START,delete word start,
1,identifier,DeallocateTextItems,deallocate text items,
1,identifier,DeallocateUBytes,deallocate u bytes,
1,identifier,DefaultExclusions,default exclusions,
1,identifier,DefaultInclusions,default inclusions,
1,identifier,DefaultKeyCatalog,default key catalog,
1,identifier,DefineCommands,define commands,
1,identifier,DeleteAllKeyDefinitions,delete all key definitions,
1,identifier,DeleteCondTag,delete condition tag,
1,identifier,DeleteEmptyPages,delete empty pages,
1,identifier,DeleteUnusedTblFmt,delete unused table format,
1,identifier,DemoMaker,demo maker,
1,identifier,DeriveLinks,derive links,
1,identifier,DeriveTag,derive tag,
1,identifier,DeriveType,derive type,
1,identifier,DescriptiveTag,descriptive tag,
1,identifier,DiHyphenProvider,di hyphen provider,
1,identifier,DiLanguage,di language,
1,identifier,DiLanguages,di languages,
1,identifier,DiService,di service,
1,identifier,DiSpellProvider,di spell provider,
1,identifier,DisplayName,display name,
1,identifier,DitaMap,dita map,
1,identifier,DitaMaxRefLevels,dita max reference levels,
1,identifier,DoGraphicUtilitiesDialog,do graphic utilities dialog,
1,identifier,DoNotExportInvalidXML,do not export invalid xml,
1,identifier,DoNotGenerateErrorLog,do not generate error log,
1,identifier,DocDir,document dir,
1,identifier,DocId,document id,
1,identifier,DocIsDoubleSided,document is double sided,
1,identifier,DocIsViewOnly,document is view only,
1,identifier,DocOpenType,document open type,
1,identifier,DocSaveType,document save type,
1,identifier,DocServerState,document server state,
1,identifier,DocServerUrl,document server url,
1,identifier,DocType,document type,
1,identifier,DontChangePageCount,dont change page count,
1,identifier,DontShowWelcomeScreen,dont show welcome screen,
1,identifier,DontUpdateXRefs,dont update x refs,
1,identifier,ELEM_BAM,element bam,
1,identifier,ELEM_CHANGE_CAT_AT_SEL,element change cat at selection,
1,identifier,ELEM_INSERT_CUSTOM_1,element insert custom 1,
1,identifier,ELEM_INSERT_CUSTOM_10,element insert custom 10,
1,identifier,ELEM_INSERT_CUSTOM_2,element insert custom 2,
1,identifier,ELEM_INSERT_CUSTOM_3,element insert custom 3,
1,identifier,ELEM_INSERT_CUSTOM_4,element insert custom 4,
1,identifier,ELEM_INSERT_CUSTOM_5,element insert custom 5,
1,identifier,ELEM_INSERT_CUSTOM_6,element insert custom 6,
1,identifier,ELEM_INSERT_CUSTOM_7,element insert custom 7,
1,identifier,ELEM_INSERT_CUSTOM_8,element insert custom 8,
1,identifier,ELEM_INSERT_CUSTOM_9,element insert custom 9,
1,identifier,ELEM_INS_CAT_AT_SEL,element insert cat at selection,
1,identifier,ELEM_WRAP_CAT_AT_SEL,element wrap cat at selection,
1,identifier,END_DIALOG,end dialog,
1,identifier,END_WINDOW,end window,
1,identifier,EXTEND_SEL,extend selection,
1,identifier,EditMenu,edit menu,
1,identifier,ElemPrefixSuffix,element prefix suffix,
1,identifier,ElementBoundaryDisplay,element boundary display,
1,identifier,ElementCa,element ca,
1,identifier,ElementCatalogEntries,element catalog entries,
1,identifier,ElementDataType,element data type,
1,identifier,ElementDe,element de,
1,identifier,ElementDefCatalog,element definition catalog,
1,identifier,ElementDefType,element definition type,
1,identifier,ElementDescription,element description,
1,identifier,ElementIsExcludedInContext,element is excluded in context,
1,identifier,ElementIsInvalidInParent,element is invalid in parent,
1,identifier,ElementIsInvalidInPosition,element is invalid in position,
1,identifier,ElementIsTopicGroup,element is topic group,
1,identifier,ElementIsTopicHead,element is topic head,
1,identifier,ElementIsTopicRef,element is topic reference,
1,identifier,ElementIsUndefined,element is undefined,
1,identifier,ElementMarkedForNamedDestination,element marked for named destination,
1,identifier,ElementPgfFormat,element paragraph format,
1,identifier,ElementRa,element ra,
1,identifier,ElementRang,element rang,
1,identifier,ElementType,element type,
1,identifier,ElementTypeMismatch,element type mismatch,
1,identifier,EnableAutoSpellCheck,enable auto spell check,
1,identifier,EnabledWhen,enabled when,
1,identifier,EndInsetExample,end inset example,
1,identifier,EqnIntegralSize,equation integral size,
1,identifier,EqnIntegralSizeLarge,equation integral size large,
1,identifier,EqnIntegralSizeMed,equation integral size med,
1,identifier,EqnIntegralSizeSmall,equation integral size small,
1,identifier,EqnLevel1,equation level1,
1,identifier,EqnLevel1SizeLarge,equation level1 size large,
1,identifier,EqnLevel1SizeMed,equation level1 size med,
1,identifier,EqnLevel1SizeSmall,equation level1 size small,
1,identifier,EqnLevel2SizeLarge,equation level2 size large,
1,identifier,EqnLevel2SizeMed,equation level2 size med,
1,identifier,EqnLevel2SizeSmall,equation level2 size small,
1,identifier,EqnLevel3SizeLarge,equation level3 size large,
1,identifier,EqnLevel3SizeMed,equation level3 size med,
1,identifier,EqnLevel3SizeSmall,equation level3 size small,
1,identifier,EqnSigmaSizeLarge,equation sigma size large,
1,identifier,EqnSigmaSizeMed,equation sigma size med,
1,identifier,EqnSigmaSizeSmall,equation sigma size small,
1,identifier,EquationBreak,equation break,
1,identifier,ErrorInBookComponent,error in book component,
1,identifier,ExcludeBookComponent,exclude book component,
1,identifier,ExpandAllAttrDisplays,expand all attribute displays,
1,identifier,ExpandOMaticParent,expand o matic parent,
1,identifier,ExportFilters,export filters,
1,identifier,ExtractElementTags,extract element tags,
1,identifier,FM_RPT_CMDS_BY_SHORTCUT,fm rpt cmds by shortcut,
1,identifier,FM_RPT_CMDS_BY_TAG,fm rpt cmds by tag,
1,identifier,FM_SEPARATOR,fm separator,
1,identifier,FM_TERMINATE,fm terminate,
1,identifier,FOCUS_INPUT_ATTREDITOR,focus input attreditor,
1,identifier,FOCUS_INPUT_CELLFMT,focus input cellfmt,
1,identifier,FOCUS_INPUT_COND,focus input condition,
1,identifier,FOCUS_INPUT_CUSTRS,focus input custrs,
1,identifier,FOCUS_INPUT_DOC,focus input document,
1,identifier,FOCUS_INPUT_ELEM_CTX,focus input element context,
1,identifier,FOCUS_INPUT_ELEM_CTX_AV,focus input element context av,
1,identifier,FOCUS_INPUT_FONTFMT,focus input fontfmt,
1,identifier,FOCUS_INPUT_HYPERTEXT,focus input hypertext,
1,identifier,FOCUS_INPUT_MARKER,focus input marker,
1,identifier,FOCUS_INPUT_PGFFMT,focus input pgffmt,
1,identifier,FOCUS_INPUT_SEARCH,focus input search,
1,identifier,FOCUS_INPUT_SPELL,focus input spell,
1,identifier,FOCUS_INPUT_STRWIN,focus input strwin,
1,identifier,FOCUS_INPUT_TBLFMT,focus input tblfmt,
1,identifier,FOCUS_INPUT_VALIDATION,focus input validation,
1,identifier,FaceName,face name,
1,identifier,FamilyName,family name,
1,identifier,FieldTag,field tag,
1,identifier,FieldValue,field value,
1,identifier,FileExtensionOverride,file extension override,
1,identifier,FileName,file name,
1,identifier,FileNameSuffix,file name suffix,
1,identifier,FindFont,find font,
1,identifier,FirstAttrCondExprInDoc,first attribute condition expression in document,
1,identifier,FirstBodyPageInDoc,first body page in document,
1,identifier,FirstColorInDoc,first color in document,
1,identifier,FirstCombinedFontDefnInDoc,first combined font defn in document,
1,identifier,FirstCommandInSession,first command in session,
1,identifier,FirstComponentInBookComponent,first component in book component,
1,identifier,FirstCondFmtInDoc,first condition format in document,
1,identifier,FirstDITAConrefElementInDoc,first dita conref element in document,
1,identifier,FirstDITALinkElementInDoc,first dita link element in document,
1,identifier,FirstDITATopicrefElementInDoc,first dita topicref element in document,
1,identifier,FirstDITATopicsetrefElementInDoc,first dita topicsetref element in document,
1,identifier,FirstDITAXrefElementInDoc,first dita cross reference (XREF) element in document,
1,identifier,FirstFlowInDoc,first flow in document,
1,identifier,FirstFnInDoc,first footnote in document,
1,identifier,FirstGraphicInDoc,first graphic in document,
1,identifier,FirstGraphicInGroup,first graphic in group,
1,identifier,FirstIndentChange,first indent change,
1,identifier,FirstIndentIsRelative,first indent is relative,
1,identifier,FirstIndentRelPos,first indent rel position,
1,identifier,FirstInlineComponentInDoc,first inline component in document,
1,identifier,FirstKeyCatalogInSession,first key catalog in session,
1,identifier,FirstLeft,first left,
1,identifier,FirstMarkerTypeInDoc,first marker type in document,
1,identifier,FirstMasterPageInDoc,first master page in document,
1,identifier,FirstMenuItemInMenu,first menu item in menu,
1,identifier,FirstMenuItemInSession,first menu item in session,
1,identifier,FirstPageVerso,first page verso,
1,identifier,FirstPgfInDoc,first paragraph in document,
1,identifier,FirstRefPageInDoc,first reference page in document,
1,identifier,FirstRight,first right,
1,identifier,FirstRubiInDoc,first rubi in document,
1,identifier,FirstRulingFmtInDoc,first ruling format in document,
1,identifier,FirstSelectedComponentInBook,first selected component in book,
1,identifier,FirstSelectedTiInDoc,first selected text inset in document,
1,identifier,FirstSubCol,first sub column,
1,identifier,FirstTblFmtInDoc,first table format in document,
1,identifier,FirstTiInDoc,first text inset in document,
1,identifier,FirstVarFmtInDoc,first variable format in document,
1,identifier,FirstVarInDoc,first variable in document,
1,identifier,FirstXRefFmtInDoc,first x reference format in document,
1,identifier,FirstXRefInDoc,first x reference in document,
1,identifier,FlowDir,flow dir,
1,identifier,FlowIsAutoConnect,flow is auto connect,
1,identifier,FlowIsFeathered,flow is feathered,
1,identifier,FlowIsPostScript,flow is post script,
1,identifier,FlowTag,flow tag,
1,identifier,FmtChange,format change,
1,identifier,FmtChangeListCatalog,format change list catalog,
1,identifier,FmtChangeListInCatalog,format change list in catalog,
1,identifier,FmtChangeListTag,format change list tag,
1,identifier,FmtRuleClau,format rule clau,
1,identifier,FmtRuleType,format rule type,
1,identifier,FnAnchorString,footnote anchor string,
1,identifier,FnFmt,footnote format,
1,identifier,FnHeightPerCol,footnote height per column,
1,identifier,FnInstancePosition,footnote instance position,
1,identifier,FnInstancePrefix,footnote instance prefix,
1,identifier,FnInstanceSuffix,footnote instance suffix,
1,identifier,FnNum,footnote number,
1,identifier,FnRefPosition,footnote reference position,
1,identifier,FnRefPrefix,footnote reference prefix,
1,identifier,FnRefSuffix,footnote reference suffix,
1,identifier,FontFamilyAttributes,font family attributes,
1,identifier,FontSizeChange,font size change,
1,identifier,FooterC,footer c,
1,identifier,FooterL,footer l,
1,identifier,FooterR,footer r,
1,identifier,FormatA,format a,
1,identifier,FormatMenu,format menu,
1,identifier,FormatTag,format tag,
1,identifier,FrameRoman,frame roman,
1,identifier,FrameScript,frame script,
1,identifier,FrameServer,frame server,
1,identifier,FrameViewer,frame viewer,
1,identifier,FramerMaker,framer maker,
1,identifier,FramerScript,framer script,
1,identifier,FurthestEdge,furthest edge,
1,identifier,GeneralRule,general rule,
1,identifier,GeneralRuleErrorOffsets,general rule error offsets,
1,identifier,GenerateAdobeAcrobatData,generate adobe acrobat data,
1,identifier,GenericCMSworks,generic cm sworks,
1,identifier,GetAllKeyDefinitions,get all key definitions,
1,identifier,GetAllKeys,get all keys,
1,identifier,GetCMSObjectFromPath,get content management system object from path,
1,identifier,GetConditionalExpression,get conditional expression,
1,identifier,GetConditionalSettings,get conditional settings,
1,identifier,GetKeyDefinition,get key definition,
1,identifier,GetNamedBook,get named book,
1,identifier,GetNamedCom,get named com,
1,identifier,GetNamedCombinedFontDefn,get named combined font defn,
1,identifier,GetNamedCommand,get named command,
1,identifier,GetNamedMarkerType,get named marker type,
1,identifier,GetNamedMenuItemSeparator,get named menu item separator,
1,identifier,GetNamedX,get named x,
1,identifier,GetNamedXRefFmt,get named x reference format,
1,identifier,GetNextIteratorItem,get next iterator item,
1,identifier,GotoBehavior,goto behavior,
1,identifier,GraphicIsButton,graphic is button,
1,identifier,GraphicsFmt,graphics format,
1,identifier,GraphicsMenu,graphics menu,
1,identifier,GreekSize,greek size,
1,identifier,HIGH_CHAR,high character,
1,identifier,HIGH_CHAR_NEXT,high character next,
1,identifier,HIGH_CHAR_PREV,high character previous,
1,identifier,HIGH_CLEAR,high clear,
1,identifier,HIGH_COL_BOT,high column bot,
1,identifier,HIGH_COL_TOP,high column top,
1,identifier,HIGH_ELEMENT,high element,
1,identifier,HIGH_ELEMENT_NEXT,high element next,
1,identifier,HIGH_ELEMENT_PREV,high element previous,
1,identifier,HIGH_FLOW,high flow,
1,identifier,HIGH_FLOW_BEG,high flow beginning,
1,identifier,HIGH_FLOW_END,high flow end,
1,identifier,HIGH_HYPERTEXT,high hypertext,
1,identifier,HIGH_LINE,high line,
1,identifier,HIGH_LINE_BEG,high line beginning,
1,identifier,HIGH_LINE_DOWN,high line down,
1,identifier,HIGH_LINE_END,high line end,
1,identifier,HIGH_LINE_NEXT,high line next,
1,identifier,HIGH_LINE_PREV,high line previous,
1,identifier,HIGH_LINE_UP,high line up,
1,identifier,HIGH_PARENT,high parent,
1,identifier,HIGH_PGF,high paragraph,
1,identifier,HIGH_PGF_NEXT,high paragraph next,
1,identifier,HIGH_PGF_PREV,high paragraph previous,
1,identifier,HIGH_SAMECB,high samecb,
1,identifier,HIGH_SAMECOND,high samecond,
1,identifier,HIGH_SENT,high sent,
1,identifier,HIGH_SENT_NEXT,high sent next,
1,identifier,HIGH_SENT_PREV,high sent previous,
1,identifier,HIGH_SHL,high shl,
1,identifier,HIGH_SHR,high shr,
1,identifier,HIGH_SIBLINGS,high siblings,
1,identifier,HIGH_WORD,high word,
1,identifier,HIGH_WORD_NEXT,high word next,
1,identifier,HIGH_WORD_PREV,high word previous,
1,identifier,HardSpace,hard space,
1,identifier,HeadLamp,head lamp,
1,identifier,HeadType,head type,
1,identifier,HeaderC,header c,
1,identifier,HeaderL,header l,
1,identifier,HeaderR,header r,
1,identifier,HelpDir,help dir,
1,identifier,HelpLink,help link,
1,identifier,HelpMenu,help menu,
1,identifier,HiddenPag,hidden pag,
1,identifier,HoleBeforeElement,hole before element,
1,identifier,HostName,host name,
1,identifier,HypertextParse,hypertext parse,
1,identifier,HypertextParseErr,hypertext parse err,
1,identifier,HypertextParseErrMsg,hypertext parse err msg,
1,identifier,HypertextParsedArgs,hypertext parsed args,
1,identifier,HypertextParsedClientName,hypertext parsed client name,
1,identifier,HypertextParsedCmdDes,hypertext parsed command des,
1,identifier,HypertextParsedCmdDest,hypertext parsed command dest,
1,identifier,HypertextParsedCmdDestObjID,hypertext parsed command dest object id,
1,identifier,HypertextParsedCmdDestObjType,hypertext parsed command dest object type,
1,identifier,HypertextParsedCmdMatrixColumns,hypertext parsed command matrix columns,
1,identifier,HypertextParsedCmdMatrixRows,hypertext parsed command matrix rows,
1,identifier,HypertextParsedDIFileName,hypertext parsed di file name,
1,identifier,HypertextParsedFlowName,hypertext parsed flow name,
1,identifier,HypertextParsedLinkName,hypertext parsed link name,
1,identifier,HypertextParsedMessage,hypertext parsed message,
1,identifier,HypertextParsedPageName,hypertext parsed page name,
1,identifier,HypertextParsedTitle,hypertext parsed title,
1,identifier,HypertextValidateErr,hypertext validate err,
1,identifier,HyphenMaxLines,hyphen max lines,
1,identifier,HyphenMinPrefix,hyphen min prefix,
1,identifier,HyphenMinSuffix,hyphen min suffix,
1,identifier,HyphenMinWord,hyphen min word,
1,identifier,INIT_DIALOG,initialize dialog,
1,identifier,INLINE_TYPEIN,inline typein,
1,identifier,IconBarOn,icon bar on,
1,identifier,IdValuePair,id value pair,
1,identifier,ImportObEditor,import ob editor,
1,identifier,ImportObNameDI,import ob name di,
1,identifier,ImportURL,import url,
1,identifier,InFooter,in footer,
1,identifier,IncludeParagraphTagsinBookmarkText,include paragraph tagsin bookmark text,
1,identifier,InitDir,initialize dir,
1,identifier,InitStructurePattern,initialize structure pattern,
1,identifier,InkName,ink name,
1,identifier,InlineCompo,inline compo,
1,identifier,InlineComponent,inline component,
1,identifier,InlineComponentLinks,inline component links,
1,identifier,InlineComponentTag,inline component tag,
1,identifier,InsetDpi,inset dots per inch,
1,identifier,InsetEditor,inset editor,
1,identifier,InsetFile,inset file,
1,identifier,InsetGfxName,inset graphic name,
1,identifier,InsetGfxPlayWindowInPdf,inset graphic play window in pdf,
1,identifier,InsetIsFixedSize,inset is fixed size,
1,identifier,InsetIsFlippedSideways,inset is flipped sideways,
1,identifier,InsetJavaScriptAttached,inset java script attached,
1,identifier,InsetMonikerFilePath,inset moniker file path,
1,identifier,InsetOpacity,inset opacity,
1,identifier,InsetPosterFile,inset poster file,
1,identifier,InsetSaveFacetToFile,inset save facet to file,
1,identifier,InsetScaling,inset scaling,
1,identifier,InsetU3dViewList,inset u3d view list,
1,identifier,InsetUpdater,inset updater,
1,identifier,InvalidHighestLevel,invalid highest level,
1,identifier,InvariantName,invariant name,
1,identifier,IsFixedSize,is fixed size,
1,identifier,IsFolderWith,is folder with,
1,identifier,IsTempOpenSave,is temp open save,
1,identifier,IsTextRange,is text range,
1,identifier,ItalicFlag,italic flag,
1,identifier,KeyCatalogClientName,key catalog client name,
1,identifier,KeyCatalogWorkflow,key catalog workflow,
1,identifier,KeyCatalogWorkflowAuthoring,key catalog workflow authoring,
1,identifier,KeyCatalogWorkflowPublishing,key catalog workflow publishing,
1,identifier,KeyCatalogWorkflowSearchIng,key catalog workflow search ing,
1,identifier,KeyCount,key count,
1,identifier,KeyboardShortcutLabel,keyboard shortcut label,
1,identifier,KeyboardShortcuts,keyboard shortcuts,
1,identifier,KumihanCatalog,kumihan catalog,
1,identifier,LEAVE_DOC,leave document,
1,identifier,LastBodyPageInDoc,last body page in document,
1,identifier,LastChildElement,last child element,
1,identifier,LastGraphicInGroup,last graphic in group,
1,identifier,LastMasterPageInDoc,last master page in document,
1,identifier,LastPgfClauses,last paragraph clauses,
1,identifier,LastRefPageInDoc,last reference page in document,
1,identifier,LastRowInTbl,last row in table,
1,identifier,LastSubCol,last sub column,
1,identifier,LastTextFrameInFlow,last text frame in flow,
1,identifier,LeadingChange,leading change,
1,identifier,LeftColNum,left column number,
1,identifier,LeftIndentChange,left indent change,
1,identifier,LeftMargin,left margin,
1,identifier,LeftOfCol,left of column,
1,identifier,LeftRight,left right,
1,identifier,LineBreakAfter,line break after,
1,identifier,LineNumDistance,line number distance,
1,identifier,LineNumRestart,line number restart,
1,identifier,LineNumShow,line number show,
1,identifier,LineSpacingFixed,line spacing fixed,
1,identifier,ListBox,list box,
1,identifier,ListView,list view,
1,identifier,LockAndContinue,lock and continue,
1,identifier,MENU_BARSTART,menu barstart,
1,identifier,MENU_DONE,menu done,
1,identifier,MENU_DOWN,menu down,
1,identifier,MENU_DOWNWAIT,menu downwait,
1,identifier,MENU_EXPOSE_WIN,menu expose win,
1,identifier,MENU_HYPERTEXT,menu hypertext,
1,identifier,MENU_IMPORT_FILE,menu import file,
1,identifier,MENU_RIGHT,menu right,
1,identifier,MENU_RIGHTWAIT,menu rightwait,
1,identifier,MENU_WAITBIT,menu waitbit,
1,identifier,MIF_SAVE_AFMS,mif save afms,
1,identifier,MIF_SAVE_BANNERTEXT,mif save bannertext,
1,identifier,MIF_SAVE_CCAT,mif save ccat,
1,identifier,MIF_SAVE_COLORCAT,mif save colorcat,
1,identifier,MIF_SAVE_DATALINKS,mif save datalinks,
1,identifier,MIF_SAVE_DICT,mif save dict,
1,identifier,MIF_SAVE_ECAT,mif save ecat,
1,identifier,MIF_SAVE_ELEMENTS,mif save elements,
1,identifier,MIF_SAVE_FCAT,mif save fcat,
1,identifier,MIF_SAVE_FMTS,mif save fmts,
1,identifier,MIF_SAVE_FONTS,mif save fonts,
1,identifier,MIF_SAVE_FPLCAT,mif save fplcat,
1,identifier,MIF_SAVE_LAYT,mif save layt,
1,identifier,MIF_SAVE_MKRS,mif save mkrs,
1,identifier,MIF_SAVE_MPAGE,mif save mpage,
1,identifier,MIF_SAVE_PCAT,mif save pcat,
1,identifier,MIF_SAVE_RUBIS,mif save rubis,
1,identifier,MIF_SAVE_TABLECATS,mif save tablecats,
1,identifier,MIF_SAVE_TABLES,mif save tables,
1,identifier,MIF_SAVE_TAGS,mif save tags,
1,identifier,MIF_SAVE_TEXT,mif save text,
1,identifier,MIF_SAVE_TEXTINSETS,mif save textinsets,
1,identifier,MIF_SAVE_TMPLT,mif save tmplt,
1,identifier,MIF_SAVE_VARS,mif save vars,
1,identifier,MIF_SAVE_VIEWSET,mif save viewset,
1,identifier,MRU_SELECT_FILE,mru select file,
1,identifier,MagicMarker,magic marker,
1,identifier,MainFlow,main flow,
1,identifier,MakePageCountEven,make page count even,
1,identifier,MakePageCountOdd,make page count odd,
1,identifier,MakerPopup,maker popup,
1,identifier,ManageConditionalExpressions,manage conditional expressions,
1,identifier,MarkedForNamed,marked for named,
1,identifier,MarkedForNamedDestination,marked for named destination,
1,identifier,MarkerNames,marker names,
1,identifier,MarkerTyp,marker typ,
1,identifier,MarkerTypeCatalog,marker type catalog,
1,identifier,MatchingFirst,matching first,
1,identifier,MatchingFirstPgfClauses,matching first paragraph clauses,
1,identifier,MatchingLastPgfClauses,matching last paragraph clauses,
1,identifier,MatchingObjectClauses,matching object clauses,
1,identifier,MatchingPrefixClauses,matching prefix clauses,
1,identifier,MatchingSuffixClauses,matching suffix clauses,
1,identifier,MatchingTextClauses,matching text clauses,
1,identifier,MathMLComposeDpi,math ml compose dots per inch,
1,identifier,MathMLData,math ml data,
1,identifier,MathMLDpi,math ml dots per inch,
1,identifier,MathMLFontSize,math ml font size,
1,identifier,MathMLIsFixedSize,math ml is fixed size,
1,identifier,MathMLIsFlippedSideways,math ml is flipped sideways,
1,identifier,MathMLIsInverted,math ml is inverted,
1,identifier,MathMLStyleComposeDpi,math ml style compose dots per inch,
1,identifier,MathMLStyleDpi,math ml style dots per inch,
1,identifier,MathMLStyleFontSize,math ml style font size,
1,identifier,MathMLStyleInline,math ml style inline,
1,identifier,MathMLXmlData,math ml xml data,
1,identifier,MathSize,math size,
1,identifier,MaxBottomMargin,max bottom margin,
1,identifier,MaxFirstIndent,max first indent,
1,identifier,MaxFontSize,max font size,
1,identifier,MaxInterPgfPadding,max inter paragraph padding,
1,identifier,MaxInterlinePadding,max interline padding,
1,identifier,MaxLeading,max leading,
1,identifier,MaxLeftIndent,max left indent,
1,identifier,MaxLeftMargin,max left margin,
1,identifier,MaxRightIndent,max right indent,
1,identifier,MaxRightMargin,max right margin,
1,identifier,MaxSpaceAbove,max space above,
1,identifier,MaxSpaceBelow,max space below,
1,identifier,MaxStretch,max stretch,
1,identifier,MaxTabPosition,max tab position,
1,identifier,MaxTopMargin,max top margin,
1,identifier,MenuBar,menu bar,
1,identifier,MenuIte,menu ite,
1,identifier,MenuItemType,menu item type,
1,identifier,MenuType,menu type,
1,identifier,MetaFile,meta file,
1,identifier,MinBottomMargin,min bottom margin,
1,identifier,MinFirstIndent,min first indent,
1,identifier,MinFontSize,min font size,
1,identifier,MinHang,min hang,
1,identifier,MinLeading,min leading,
1,identifier,MinLeftIndent,min left indent,
1,identifier,MinLeftMargin,min left margin,
1,identifier,MinRightIndent,min right indent,
1,identifier,MinRightMargin,min right margin,
1,identifier,MinSpaceAbove,min space above,
1,identifier,MinSpaceBelow,min space below,
1,identifier,MinStretch,min stretch,
1,identifier,MinTabPosition,min tab position,
1,identifier,MinTopMargin,min top margin,
1,identifier,MoveTabs,move tabs,
1,identifier,MyDirectory,my directory,
1,identifier,MyFavorite,my favorite,
1,identifier,MyFavoritesMenu,my favorites menu,
1,identifier,MyFormat,my format,
1,identifier,MySubdirectory,my subdirectory,
1,identifier,NULLINPUT,nullinput,
1,identifier,NameNotFound,name not found,
1,identifier,NameoftheFrameMaker,nameofthe frame maker,
1,identifier,NamespaceScope,namespace scope,
1,identifier,NarrowRubiSpaceForOther,narrow rubi space for other,
1,identifier,NearestEdge,nearest edge,
1,identifier,NeedsDpi,needs dots per inch,
1,identifier,NewAnchoredFormat,new anchored format,
1,identifier,NewAnchoredFormattedVar,new anchored formatted variable,
1,identifier,NewBookCompo,new book compo,
1,identifier,NewBookComponentOfTypeInHierarchy,new book component of type in hierarchy,
1,identifier,NewExpr1,new expr1,
1,identifier,NewExpr2,new expr2,
1,identifier,NewFirst,new first,
1,identifier,NewFirstPgfRules,new first paragraph rules,
1,identifier,NewKeyDefinition,new key definition,
1,identifier,NewNamedBook,new named book,
1,identifier,NewNamedCharFmt,new named character format,
1,identifier,NewNamedCommand,new named command,
1,identifier,NewNamedEle,new named element,
1,identifier,NewNamedElementDef,new named element definition,
1,identifier,NewNamedMenu,new named menu,
1,identifier,NextAFrame,next a frame,
1,identifier,NextAttrCondExprInDoc,next attribute condition expression in document,
1,identifier,NextCell,next cell,
1,identifier,NextCellInRow,next cell in row,
1,identifier,NextCellInTbl,next cell in table,
1,identifier,NextColorInDoc,next color in document,
1,identifier,NextColumnInTbl,next column in table,
1,identifier,NextCombinedFontDefnInDoc,next combined font defn in document,
1,identifier,NextCommandInSession,next command in session,
1,identifier,NextComponent,next component,
1,identifier,NextComponentInBook,next component in book,
1,identifier,NextCondFmtInDoc,next condition format in document,
1,identifier,NextDITAConrefElementInDoc,next dita conref element in document,
1,identifier,NextDITALinkElementInDoc,next dita link element in document,
1,identifier,NextDITATopicrefElementInDoc,next dita topicref element in document,
1,identifier,NextDITATopicsetrefElementInDoc,next dita topicsetref element in document,
1,identifier,NextDITAXrefElementInDoc,next dita cross reference (XREF) element in document,
1,identifier,NextElementDefInDoc,next element definition in document,
1,identifier,NextFlowInDoc,next flow in document,
1,identifier,NextFmtChangeListInDoc,next format change list in document,
1,identifier,NextFn,next footnote,
1,identifier,NextFnInDoc,next footnote in document,
1,identifier,NextGraphic,next graphic,
1,identifier,NextInlineComponentInDoc,next inline component in document,
1,identifier,NextInvalidElement,next invalid element,
1,identifier,NextKeyCatalogInSession,next key catalog in session,
1,identifier,NextMarkerTypeInDoc,next marker type in document,
1,identifier,NextRubiInDoc,next rubi in document,
1,identifier,NextRulingFmtInDoc,next ruling format in document,
1,identifier,NextSelectedComponent,next selected component,
1,identifier,NextSelectedComponentInBook,next selected component in book,
1,identifier,NextSubCol,next sub column,
1,identifier,NextTblFmtInDoc,next table format in document,
1,identifier,NextTextFrameInFlow,next text frame in flow,
1,identifier,NextVarFmtInDoc,next variable format in document,
1,identifier,NextVarInDoc,next variable in document,
1,identifier,NextVisibleColumnInTbl,next visible column in table,
1,identifier,NextXRefFmtInDoc,next x reference format in document,
1,identifier,NextXRefInDoc,next x reference in document,
1,identifier,No3DInPDF,no3 d in pdf,
1,identifier,NoColor,no color,
1,identifier,NoFlashInPDF,no flash in pdf,
1,identifier,NoMultiMediaInPDF,no multi media in pdf,
1,identifier,NoName,no name,
1,identifier,NotLoaded,not loaded,
1,identifier,NumColumns,number columns,
1,identifier,NumComputeMethod,number compute method,
1,identifier,NumCounter,number counter,
1,identifier,NumNamespaces,number namespaces,
1,identifier,NumSegments,number segments,
1,identifier,NumStyle,number style,
1,identifier,OBJ_SEL_EXTEND_NEXT,object selection extend next,
1,identifier,OBJ_SEL_FIRST,object selection first,
1,identifier,OBJ_SEL_LAST,object selection last,
1,identifier,OBJ_SEL_NEXT,object selection next,
1,identifier,OBJ_SEL_NEXT_WRAP,object selection next wrap,
1,identifier,OBJ_SEL_PREV,object selection previous,
1,identifier,OBJ_SEL_PREV_WRAP,object selection previous wrap,
1,identifier,ObjectActivateInPDF,object activate in pdf,
1,identifier,ObjectAttribute,object attribute,
1,identifier,ObjectInfo,object info,
1,identifier,ObjectOpenInFloatWindow,object open in float window,
1,identifier,ObjectSupportMMLink,object support mm link,
1,identifier,OffsetLeft,offset left,
1,identifier,OffsetTop,offset top,
1,identifier,OldTypeNum,old type number,
1,identifier,OpenDir,open dir,
1,identifier,OtherMasterPage,other master page,
1,identifier,OyamojiTextRange,oyamoji text range,
1,identifier,PGF_ANYPLACE,paragraph anyplace,
1,identifier,PGF_APPLY_CAT_TO_SEL,paragraph apply cat to selection,
1,identifier,PGF_APPLY_TAG,paragraph apply tag,
1,identifier,PGF_BAM,paragraph bam,
1,identifier,PGF_CENTER,paragraph center,
1,identifier,PGF_COLTOP,paragraph column top,
1,identifier,PGF_DECLINE,paragraph decline,
1,identifier,PGF_DESIGNKIT_APPLY,paragraph designkit apply,
1,identifier,PGF_DESIGNKIT_NEWFORMAT,paragraph designkit newformat,
1,identifier,PGF_DESIGNKIT_RESET,paragraph designkit reset,
1,identifier,PGF_DESIGNKIT_UPDATEALL,paragraph designkit update all,
1,identifier,PGF_DESIGNKIT_UPDATEOPTIONS,paragraph designkit updateoptions,
1,identifier,PGF_DESIGN_CAT,paragraph design cat,
1,identifier,PGF_DOUBLE_SPACE,paragraph double space,
1,identifier,PGF_FULL,paragraph full,
1,identifier,PGF_HYPHENOFF,paragraph hyphenoff,
1,identifier,PGF_HYPHENON,paragraph hyphenon,
1,identifier,PGF_INCLINE,paragraph incline,
1,identifier,PGF_KBD_BODYSTRADDLE,paragraph kbd bodystraddle,
1,identifier,PGF_KBD_FULLSTRADDLE,paragraph kbd fullstraddle,
1,identifier,PGF_KBD_RUN_IN,paragraph kbd run in,
1,identifier,PGF_KBD_SIDEBODY,paragraph kbd sidebody,
1,identifier,PGF_KBD_SIDEHEAD_FIRST_BASELINE,paragraph kbd sidehead first baseline,
1,identifier,PGF_KBD_SIDEHEAD_LAST_BASELINE,paragraph kbd sidehead last baseline,
1,identifier,PGF_KBD_SIDEHEAD_TOP,paragraph kbd sidehead top,
1,identifier,PGF_LEFT,paragraph left,
1,identifier,PGF_LEFTTOP,paragraph lefttop,
1,identifier,PGF_LINEFIX,paragraph linefix,
1,identifier,PGF_LINEFLOAT,paragraph linefloat,
1,identifier,PGF_LINE_SPACE,paragraph line space,
1,identifier,PGF_NEW_FORMAT,paragraph new format,
1,identifier,PGF_ONEANDAHALF_SPACE,paragraph oneandahalf space,
1,identifier,PGF_PAGETOP,paragraph pagetop,
1,identifier,PGF_RIGHT,paragraph right,
1,identifier,PGF_RIGHTTOP,paragraph righttop,
1,identifier,PGF_SINGLE_SPACE,paragraph single space,
1,identifier,PGF_SPACE_BETWEEN,paragraph space between,
1,identifier,PGF_UNIFY,paragraph unify,
1,identifier,PGF_UPDATE_ALL,paragraph update all,
1,identifier,PageFramePage,page frame page,
1,identifier,PageIsRecto,page is recto,
1,identifier,PageNumString,page number string,
1,identifier,PageOrientation,page orientation,
1,identifier,PageSide,page side,
1,identifier,ParentTextFrame,parent text frame,
1,identifier,PerFlow,per flow,
1,identifier,PerPage,per page,
1,identifier,PgfAcrobatLevel,paragraph acrobat level,
1,identifier,PgfAsianComposer,paragraph asian composer,
1,identifier,PgfAutoNum,paragraph auto number,
1,identifier,PgfBlockSize,paragraph block size,
1,identifier,PgfBotSepAtIndent,paragraph bot separator at indent,
1,identifier,PgfBotSepOffset,paragraph bot separator offset,
1,identifier,PgfBotSeparator,paragraph bot separator,
1,identifier,PgfCatalogReference,paragraph catalog reference,
1,identifier,PgfEndCond,paragraph end condition,
1,identifier,PgfFIndentOffset,paragraph f indent offset,
1,identifier,PgfFIndentRelative,paragraph f indent relative,
1,identifier,PgfHyphenate,paragraph hyphenate,
1,identifier,PgfLetterSpace,paragraph letter space,
1,identifier,PgfMarkedForNamedDestination,paragraph marked for named destination,
1,identifier,PgfMaxJLetterSpace,paragraph max j letter space,
1,identifier,PgfMaxJRomanLetterSpace,paragraph max j roman letter space,
1,identifier,PgfMaxWordSpace,paragraph max word space,
1,identifier,PgfMinJLetterSpace,paragraph min j letter space,
1,identifier,PgfMinJRomanLetterSpace,paragraph min j roman letter space,
1,identifier,PgfMinWordSpace,paragraph min word space,
1,identifier,PgfNumAtEnd,paragraph number at end,
1,identifier,PgfNumFormat,paragraph number format,
1,identifier,PgfNumber,paragraph number,
1,identifier,PgfNumberFont,paragraph number font,
1,identifier,PgfOptJLetterSpace,paragraph opt j letter space,
1,identifier,PgfOptJRomanLetterSpace,paragraph opt j roman letter space,
1,identifier,PgfOptWordSpace,paragraph opt word space,
1,identifier,PgfPDFStructureTagType,paragraph pdf structure tag type,
1,identifier,PgfPlacement,paragraph placement,
1,identifier,PgfRules,paragraph rules,
1,identifier,PgfSpellChecked,paragraph spell checked,
1,identifier,PgfTopSepAtIndent,paragraph top separator at indent,
1,identifier,PgfTopSepOffset,paragraph top separator offset,
1,identifier,PgfTopSeparator,paragraph top separator,
1,identifier,PgfWithNext,paragraph with next,
1,identifier,PgfWithPrev,paragraph with previous,
1,identifier,PgfYakumonoType,paragraph yakumono type,
1,identifier,PointPageNum,point page number,
1,identifier,PointPageNumStyle,point page number style,
1,identifier,PolyLine,poly line,
1,identifier,PosterFileDI,poster file di,
1,identifier,PrevAFrame,previous a frame,
1,identifier,PrevBookComponentInDFSOrder,previous book component in depth first search order,
1,identifier,PrevCell,previous cell,
1,identifier,PrevCellInRow,previous cell in row,
1,identifier,PrevColumnInTbl,previous column in table,
1,identifier,PrevComponentInBook,previous component in book,
1,identifier,PrevElementDFS,previous element depth first search,
1,identifier,PrevFn,previous footnote,
1,identifier,PrevMenuItem,previous menu item,
1,identifier,PrevPgfInFlow,previous paragraph in flow,
1,identifier,PrevRowInTbl,previous row in table,
1,identifier,PrevSiblingElement,previous sibling element,
1,identifier,PrevSubCol,previous sub column,
1,identifier,PrevTextFrameInFlow,previous text frame in flow,
1,identifier,PrevVisibleColumnInTbl,previous visible column in table,
1,identifier,PreviewState,preview state,
1,identifier,PrintBlankPagesTrue,print blank pages true,
1,identifier,PrintCols,print columns,
1,identifier,PrintEndPageName,print end page name,
1,identifier,PrintEndPoint,print end point,
1,identifier,PrintEvenPagesTrue,print even pages true,
1,identifier,PrintInclude,print include,
1,identifier,PrintManualFeed,print manual feed,
1,identifier,PrintOddPagesTrue,print odd pages true,
1,identifier,PrintRows,print rows,
1,identifier,PrintScope,print scope,
1,identifier,PrintStartPageName,print start page name,
1,identifier,PrintStartPoint,print start point,
1,identifier,PrintToFileTrue,print to file true,
1,identifier,ProductFamily,product family,
1,identifier,ProductIsDemo,product is demo,
1,identifier,ProductIsStructured,product is structured,
1,identifier,ProductName,product name,
1,identifier,PropIde,property ide,
1,identifier,PublicId,public id,
1,identifier,QuickAccess,quick access,
1,identifier,QuickBookMainMenu,quick book main menu,
1,identifier,QuickMakerPopup,quick maker popup,
1,identifier,RefFmt,reference format,
1,identifier,ReferencePage,reference page,
1,identifier,RegistrationMarks,registration marks,
1,identifier,RememberMissingFontNames,remember missing font names,
1,identifier,RemoveExtraWhiteSpacesOnXMLImpor,remove extra white spaces on xml impor,
1,identifier,ReservedColor,reserved color,
1,identifier,ReviewTimeInfo,review time info,
1,identifier,ReviewerName,reviewer name,
1,identifier,ReviewerNameList,reviewer name list,
1,identifier,RightColNum,right column number,
1,identifier,RightIndentChange,right indent change,
1,identifier,RightMargin,right margin,
1,identifier,RightOfCol,right of column,
1,identifier,RowHeight,row height,
1,identifier,RowIsShown,row is shown,
1,identifier,RowKeepWithNext,row keep with next,
1,identifier,RowKeepWithPrev,row keep with previous,
1,identifier,RowPlacement,row placement,
1,identifier,RowStart,row start,
1,identifier,RowTbl,row table,
1,identifier,RowType,row type,
1,identifier,RowWithNext,row with next,
1,identifier,RowWithPrev,row with previous,
1,identifier,RubiElement,rubi element,
1,identifier,RubiFixedSize,rubi fixed size,
1,identifier,RubiOverhang,rubi overhang,
1,identifier,RubiSize,rubi size,
1,identifier,RubiTextRange,rubi text range,
1,identifier,RulingColor,ruling color,
1,identifier,RulingPen,ruling pen,
1,identifier,RulingSep,ruling separator,
1,identifier,RulingSeparation,ruling separation,
1,identifier,RulingTag,ruling tag,
1,identifier,RunIn,run in,
1,identifier,SEARCH_CB,search change bar,
1,identifier,SEARCH_CBOVERRIDE,search cboverride,
1,identifier,SEARCH_CBTAG,search cbtag,
1,identifier,SEARCH_COND,search condition,
1,identifier,SERVER_CANCEL,server cancel,
1,identifier,SERVER_QUERY,server query,
1,identifier,START_DIALOG,start dialog,
1,identifier,START_WINDOW,start window,
1,identifier,STYLE_APPLY_CAT_TO_SEL,style apply cat to selection,
1,identifier,SUPPRESS_INSETS,suppress insets,
1,identifier,SWITCH_TO_DOCUMENTVIEW,switch to documentview,
1,identifier,SWITCH_TO_RESOURCEMANAGE,switch to resourcemanage,
1,identifier,SW_CSR_DOWN,sw cursor down,
1,identifier,SW_CSR_LEFT,sw cursor left,
1,identifier,SW_CSR_RIGHT,sw cursor right,
1,identifier,SW_CSR_UP,sw cursor up,
1,identifier,ScaleHead,scale head,
1,identifier,SectionNumComputeMethod,section number compute method,
1,identifier,SectionNumStart,section number start,
1,identifier,SelectElement,select element,
1,identifier,SelectedTbl,selected table,
1,identifier,SetActive,set active,
1,identifier,SetActiveBuildExpr,set active build expression,
1,identifier,SetGlobals,set globals,
1,identifier,SetInt,set integer,
1,identifier,SetString,set string,
1,identifier,SgmlDir,sgml dir,
1,identifier,ShiftOrUnshiftCommand,shift or unshift command,
1,identifier,ShoePopAndReqAttrDisplays,shoe pop and req attribute displays,
1,identifier,ShowAsPerExpression,show as per expression,
1,identifier,ShowCondIndicators,show condition indicators,
1,identifier,ShowParagraphTags,show paragraph tags,
1,identifier,SideHeadGap,side head gap,
1,identifier,SideHeadPlacement,side head placement,
1,identifier,SideHeadRoomInFlow,side head room in flow,
1,identifier,SideHeadWidth,side head width,
1,identifier,SideOffset,side offset,
1,identifier,SideheadFirstBaseline,sidehead first baseline,
1,identifier,SideheadLastBaseline,sidehead last baseline,
1,identifier,SideheadTop,sidehead top,
1,identifier,SimpleOpen,simple open,
1,identifier,SizeHeight,size height,
1,identifier,SizeWidth,size width,
1,identifier,SmallCapsSize,small caps size,
1,identifier,SmallCapsStretch,small caps stretch,
1,identifier,SmartSpaces,smart spaces,
1,identifier,SnapAngle,snap angle,
1,identifier,SnapGridUnits,snap grid units,
1,identifier,SomeBook,some book,
1,identifier,SomeFile,some file,
1,identifier,SomeOtherFile,some other file,
1,identifier,SpaceAboveChange,space above change,
1,identifier,SpaceBelowChange,space below change,
1,identifier,SpecialMenu,special menu,
1,identifier,SpecificationForCSS,specification for css,
1,identifier,SpecifiedKeyCatalog,specified key catalog,
1,identifier,SpotColorView,spot color view,
1,identifier,SrcFile,source file,
1,identifier,StatusT,status t,
1,identifier,StopCountingAt,stop counting at,
1,identifier,StraddleNormal,straddle normal,
1,identifier,StraddleNormalOnly,straddle normal only,
1,identifier,StretchChange,stretch change,
1,identifier,StructureDir,structure dir,
1,identifier,StructureViewMainMenu,structure view main menu,
1,identifier,StructuredApplicationForOpen,structured application for open,
1,identifier,StyleOverride,style override,
1,identifier,StyleTag,style tag,
1,identifier,SubScriptShift,sub script shift,
1,identifier,SubScriptSize,sub script size,
1,identifier,SubScriptStretch,sub script stretch,
1,identifier,SubSectionNumComputeMethod,sub section number compute method,
1,identifier,SubSectionNumStart,sub section number start,
1,identifier,SubSectionNumStyle,sub section number style,
1,identifier,SubSectionNumText,sub section number text,
1,identifier,SuperScriptShift,super script shift,
1,identifier,SuperScriptSize,super script size,
1,identifier,SuperScriptStretch,super script stretch,
1,identifier,SuppressXMLParserWarnings,suppress xml parser warnings,
1,identifier,SwissGerman1996,swiss german1996,
1,identifier,SymbolsList,symbols list,
1,identifier,SystemVar,system variable,
1,identifier,TBL_APPLY_CAT_TO_SEL,table apply cat to selection,
1,identifier,TBL_APPLY_TAG,table apply tag,
1,identifier,TBL_DESIGNKIT_APPLY,table designkit apply,
1,identifier,TBL_DESIGNKIT_NEWFORMAT,table designkit newformat,
1,identifier,TBL_DESIGNKIT_RESET,table designkit reset,
1,identifier,TBL_DESIGNKIT_UPDATEALL,table designkit update all,
1,identifier,TBL_DESIGNKIT_UPDATEOPTION,table designkit updateoption,
1,identifier,TBL_DESIGN_CAT,table design cat,
1,identifier,TEXTSEL_DRAGGING,textsel dragging,
1,identifier,TEXTSEL_ELEMENT,textsel element,
1,identifier,TEXTSEL_EXTEND,textsel extend,
1,identifier,TEXTSEL_EXTEND_ELEMENT,textsel extend element,
1,identifier,TEXTSEL_EXTEND_LINE,textsel extend line,
1,identifier,TEXTSEL_EXTEND_PGF,textsel extend paragraph,
1,identifier,TEXTSEL_EXTEND_SENT,textsel extend sent,
1,identifier,TEXTSEL_EXTEND_WORD,textsel extend word,
1,identifier,TEXTSEL_LINE,textsel line,
1,identifier,TEXTSEL_PGF,textsel paragraph,
1,identifier,TEXTSEL_QUICK_COPY,textsel quick copy,
1,identifier,TEXTSEL_SELECT_ONLY,textsel select only,
1,identifier,TEXTSEL_SENT,textsel sent,
1,identifier,TEXTSEL_WORD,textsel word,
1,identifier,TEXT_INSET_PROPS,text inset properties,
1,identifier,TOGGLE_FLUID_VIEW,toggle fluid view,
1,identifier,TXT_10,txt 10,
1,identifier,TXT_12,txt 12,
1,identifier,TXT_14,txt 14,
1,identifier,TXT_18,txt 18,
1,identifier,TXT_24,txt 24,
1,identifier,TXT_7,txt 7,
1,identifier,TXT_9,txt 9,
1,identifier,TXT_BAM,txt bam,
1,identifier,TXT_BOLD,txt bold,
1,identifier,TXT_CHANGEBAR,txt changebar,
1,identifier,TXT_DBLUNDERLINE,txt dblunderline,
1,identifier,TXT_DECSIZE,txt decsize,
1,identifier,TXT_DEFAULT,txt default,
1,identifier,TXT_FAMILY_AND_VARIATION,txt family and variation,
1,identifier,TXT_FONT,txt font,
1,identifier,TXT_INCSIZE,txt incsize,
1,identifier,TXT_INITCAPS,txt initcaps,
1,identifier,TXT_ITALIC,txt italic,
1,identifier,TXT_KERN,txt kern,
1,identifier,TXT_LESSSTRETCH,txt lessstretch,
1,identifier,TXT_LOWERCASE,txt lowercase,
1,identifier,TXT_MINICAPS,txt minicaps,
1,identifier,TXT_MORESTRETCH,txt morestretch,
1,identifier,TXT_NORMAL,txt normal,
1,identifier,TXT_NORMALCASE,txt normalcase,
1,identifier,TXT_NOSTRETCH,txt nostretch,
1,identifier,TXT_NUMUNDERLINE,txt numunderline,
1,identifier,TXT_OTHERSIZE,txt othersize,
1,identifier,TXT_OUTLINE,txt outline,
1,identifier,TXT_OVERLINE,txt overline,
1,identifier,TXT_PLAIN,txt plain,
1,identifier,TXT_SELBOLD,txt selbold,
1,identifier,TXT_SELDECSIZE,txt seldecsize,
1,identifier,TXT_SELINCSIZE,txt selincsize,
1,identifier,TXT_SELITALIC,txt selitalic,
1,identifier,TXT_SELPLAIN,txt selplain,
1,identifier,TXT_SELUNDERLINE,txt selunderline,
1,identifier,TXT_SHADOW,txt shadow,
1,identifier,TXT_SPREAD,txt spread,
1,identifier,TXT_SQUEEZE,txt squeeze,
1,identifier,TXT_STRIKEOUT,txt strikeout,
1,identifier,TXT_SUB,txt sub,
1,identifier,TXT_SUPER,txt super,
1,identifier,TXT_TSUME,txt tsume,
1,identifier,TXT_UNDERLINE,txt underline,
1,identifier,TXT_UPPERCASE,txt uppercase,
1,identifier,TXT_USIZE,txt usize,
1,identifier,TXT_xxxATFORM,txt xxx atform,
1,identifier,TYPEIN,typein,
1,identifier,TableColumn,table column,
1,identifier,TableMenu,table menu,
1,identifier,TableTitle,table title,
1,identifier,TblBodyElement,table body element,
1,identifier,TblBodySeparation,table body separation,
1,identifier,TblColumnF,table column f,
1,identifier,TblColumnH,table column h,
1,identifier,TblDir,table dir,
1,identifier,TblElement,table element,
1,identifier,TblFn,table footnote,
1,identifier,TblFnCellPosition,table footnote cell position,
1,identifier,TblFnCellPrefix,table footnote cell prefix,
1,identifier,TblFnCellSuffix,table footnote cell suffix,
1,identifier,TblFnFmt,table footnote format,
1,identifier,TblFnNumComputeMethod,table footnote number compute method,
1,identifier,TblFnPosition,table footnote position,
1,identifier,TblFnPrefix,table footnote prefix,
1,identifier,TblFnSuffix,table footnote suffix,
1,identifier,TblFooterElement,table footer element,
1,identifier,TblHFSeparation,table hf separation,
1,identifier,TblHeaderElement,table header element,
1,identifier,TblInLockedTi,table in locked text inset,
1,identifier,TblInitNum,table initialize number,
1,identifier,TblNumCols,table number columns,
1,identifier,TblTitle,table title,
1,identifier,TblTitleElement,table title element,
1,identifier,TblTitleSelected,table title selected,
1,identifier,TblXSeparation,table x separation,
1,identifier,TextIsInvalidInElement,text is invalid in element,
1,identifier,TgcuGltgqg,tgcu gltgqg,
1,identifier,ThepagehasaLeftorRight,thepagehasa leftor right,
1,identifier,ThesourcefileisaMIF,thesourcefileisa mif,
1,identifier,TiByRows,text inset by rows,
1,identifier,TiClientData,text inset client data,
1,identifier,TiClientName,text inset client name,
1,identifier,TiClientSource,text inset client source,
1,identifier,TiClientType,text inset client type,
1,identifier,TiEOLisEOP,text inset eo lis eop,
1,identifier,TiFlowName,text inset flow name,
1,identifier,TiFlowPageSpace,text inset flow page space,
1,identifier,TiFormat,text inset format,
1,identifier,TiHeadersEmpty,text inset headers empty,
1,identifier,TiIsUnresolved,text inset is unresolved,
1,identifier,TiMainFlow,text inset main flow,
1,identifier,TiNumCols,text inset number columns,
1,identifier,TiNumHeaderRows,text inset number header rows,
1,identifier,TiNumSeparators,text inset number separators,
1,identifier,TiRemoveOverrides,text inset remove overrides,
1,identifier,TiRemovePageBreaks,text inset remove page breaks,
1,identifier,TiSeparator,text inset separator,
1,identifier,TiTblTag,text inset table tag,
1,identifier,TmpDir,tmp dir,
1,identifier,TopRowSelection,top row selection,
1,identifier,TopSepAtIndent,top separator at indent,
1,identifier,TopicGroup,topic group,
1,identifier,TopicHead,topic head,
1,identifier,TopicRef,topic reference,
1,identifier,TopicRefAbsoluteFilePath,topic reference absolute file path,
1,identifier,TrackChangesAddedColor,track changes added color,
1,identifier,TrackChangesDeletedColor,track changes deleted color,
1,identifier,TrackChangesOn,track changes on,
1,identifier,TrapWise,trap wise,
1,identifier,TrapwiseCompatibility,trapwise compatibility,
1,identifier,TreatParaAsRow,treat para as row,
1,identifier,UPDATE_INSETS,update insets,
1,identifier,UintT,unsigned integer t,
1,identifier,UnAnchoredFrame,un anchored frame,
1,identifier,UnConditional,un conditional,
1,identifier,UpdateKeyDefinition,update key definition,
1,identifier,UpdateXRefs,update x refs,
1,identifier,UseAngle,use angle,
1,identifier,UseBorderWidth,use border width,
1,identifier,UseCapitalization,use capitalization,
1,identifier,UseChangeBar,use change bar,
1,identifier,UseColor,use color,
1,identifier,UseColumnsAreBalanced,use columns are balanced,
1,identifier,UseFill,use fill,
1,identifier,UseFlowIsAutoConnect,use flow is auto connect,
1,identifier,UseFlowIsPostScript,use flow is post script,
1,identifier,UseFontAngle,use font angle,
1,identifier,UseFontFamily,use font family,
1,identifier,UseFontSize,use font size,
1,identifier,UseFontVariation,use font variation,
1,identifier,UseFontWeight,use font weight,
1,identifier,UseHeight,use height,
1,identifier,UseInitialStructureOfAutoInsertedEl,use initial structure of auto inserted el,
1,identifier,UseInitialStructureOfAutoInsertedElem,use initial structure of auto inserted element,
1,identifier,UseKernX,use kern x,
1,identifier,UseKernY,use kern y,
1,identifier,UseLocX,use location x,
1,identifier,UseLocY,use location y,
1,identifier,UseOverline,use overline,
1,identifier,UseOverprint,use overprint,
1,identifier,UsePairKern,use pair kern,
1,identifier,UsePen,use pen,
1,identifier,UsePosition,use position,
1,identifier,UseRadius,use radius,
1,identifier,UseRunaround,use runaround,
1,identifier,UseRunaroundGap,use runaround gap,
1,identifier,UseSideHeadPlacement,use side head placement,
1,identifier,UseStretch,use stretch,
1,identifier,UseStrikethrough,use strikethrough,
1,identifier,UseTintPercent,use tint percent,
1,identifier,UseUnderlining,use underlining,
1,identifier,UseWidth,use width,
1,identifier,UserName,user name,
1,identifier,UserSettingsDir,user settings dir,
1,identifier,ValidHighestLevel,valid highest level,
1,identifier,ValidationFalgs,validation falgs,
1,identifier,ValidationFlags,validation flags,
1,identifier,ViewBorders,view borders,
1,identifier,ViewCutout,view cutout,
1,identifier,ViewDisplayUnits,view display units,
1,identifier,ViewFontSizeUnits,view font size units,
1,identifier,ViewFormattingBar,view formatting bar,
1,identifier,ViewGrid,view grid,
1,identifier,ViewGridUnits,view grid units,
1,identifier,ViewHotspotIndicators,view hotspot indicators,
1,identifier,ViewInvisible,view invisible,
1,identifier,ViewMenu,view menu,
1,identifier,ViewNoGraphics,view no graphics,
1,identifier,ViewNumber,view number,
1,identifier,ViewOnlyMainMenu,view only main menu,
1,identifier,ViewOnlyMenuBar,view only menu bar,
1,identifier,ViewOnlySelect,view only select,
1,identifier,ViewOnlyWinMenubar,view only win menubar,
1,identifier,ViewOnlyWinPalette,view only win palette,
1,identifier,ViewOnlyXRef,view only x reference,
1,identifier,ViewPageScrolling,view page scrolling,
1,identifier,ViewQuickAccessBar,view quick access bar,
1,identifier,ViewRulerUnits,view ruler units,
1,identifier,ViewRulers,view rulers,
1,identifier,ViewTextSymbols,view text symbols,
1,identifier,ViewerPopup,viewer popup,
1,identifier,VolumeNumStart,volume number start,
1,identifier,VolumeNumTex,volume number tex,
1,identifier,WEB_ADOBEHELP,web adobehelp,
1,identifier,WEB_ADOBE_BOOKMARKS,web adobe bookmarks,
1,identifier,WEB_CORPORATENEWS,web corporatenews,
1,identifier,WEB_FRAME_BOOKMARKS,web frame bookmarks,
1,identifier,WEB_GOTOADOBE,web gotoadobe,
1,identifier,WEB_PREFERENCES,web preferences,
1,identifier,WEB_REGISTRATION,web registration,
1,identifier,WEB_TOPISSUES,web topissues,
1,identifier,WesternFamily,western family,
1,identifier,WesternFontPlatformName,western font platform name,
1,identifier,WesternFontPostScriptName,western font post script name,
1,identifier,WesternShift,western shift,
1,identifier,WesternSize,western size,
1,identifier,WideRubiSpaceForOther,wide rubi space for other,
1,identifier,WindowSystem,window system,
1,identifier,WithoutTemplate,without template,
1,identifier,XmlApplicationForBookComponent,xml application for book component,
1,identifier,XmlDir,xml dir,
1,keyboard,KBD_ABORT,abort,
1,keyboard,KBD_ABORT_DLGS,abort dlgs,
1,keyboard,KBD_ABOUTPRODUCT,aboutproduct,
1,keyboard,KBD_ACCEPTALLCHANGE,acceptallchange,
1,keyboard,KBD_ACCEPTCHANGE,acceptchange,
1,keyboard,KBD_ACCEPTCHANGEANDNEXT,acceptchangeandnext,
1,keyboard,KBD_ACROBAT_SETUP,acrobat setup,
1,keyboard,KBD_ACTIVATE_IN_PDF_BYDEFAULT,activate in pdf bydefault,
1,keyboard,KBD_ADDAUTOCORR,addautocorr,
1,keyboard,KBD_ADDDOCDICT,adddocdict,
1,keyboard,KBD_ADDMARKERTYPE,addmarkertype,
1,keyboard,KBD_ADDPAGE,addpage,
1,keyboard,KBD_ADDUSRDICT,addusrdict,
1,keyboard,KBD_ALIGN,align,
1,keyboard,KBD_ALIGN_BOTTOM,align bottom,
1,keyboard,KBD_ALIGN_MIDDLE,align middle,
1,keyboard,KBD_ALIGN_TOP,align top,
1,keyboard,KBD_ALLCAP,allcap,
1,keyboard,KBD_ALLCAPH,allcaph,
1,keyboard,KBD_ALLLOWER,alllower,
1,keyboard,KBD_ALLLOWERH,alllowerh,
1,keyboard,KBD_ALLSELECT,allselect,
1,keyboard,KBD_ANCHOR,anchor,
1,keyboard,KBD_ANTIPUTINLINE,antiputinline,
1,keyboard,KBD_API,api,
1,keyboard,KBD_API_SHORTCUT,api shortcut,
1,keyboard,KBD_ARCTOOL,arctool,
1,keyboard,KBD_ASC_ADDDOCDICT,asc adddocdict,
1,keyboard,KBD_ASC_ADDUSRDICT,asc addusrdict,
1,keyboard,KBD_ASC_CORRECT,asc correct,
1,keyboard,KBD_ASC_ENABLE_AUTO_SPELL,asc enable auto spell,
1,keyboard,KBD_ATOMIZE_INSET,atomize inset,
1,keyboard,KBD_ATTRCOND,attrcond,
1,keyboard,KBD_ATTREDITQUICK,attreditquick,
1,keyboard,KBD_ATTRIBUTE_EDIT,attribute edit,
1,keyboard,KBD_ATTR_CONFIG_FILE_MAKER,attribute config file maker,
1,keyboard,KBD_ATTR_DISP_OPTS,attribute disp opts,
1,keyboard,KBD_BACK,back,
1,keyboard,KBD_BACKSTACK,backstack,
1,keyboard,KBD_BACKTAB,backtab,
1,keyboard,KBD_BANNER_TEXT,banner text,
1,keyboard,KBD_BODYPAGE,bodypage,
1,keyboard,KBD_BOOKADDFILE,bookaddfile,
1,keyboard,KBD_BOOKADDFOLDER,bookaddfolder,
1,keyboard,KBD_BOOKADDGROUP,bookaddgroup,
1,keyboard,KBD_BOOKCOMP_EXCLUDE,bookcomp exclude,
1,keyboard,KBD_BOOKCOMP_FILENAME,bookcomp filename,
1,keyboard,KBD_BOOKCOMP_TEXT,bookcomp text,
1,keyboard,KBD_BOOKDISPLAYFILENAME,bookdisplayfilename,
1,keyboard,KBD_BOOKDISPLAYTEXT,bookdisplaytext,
1,keyboard,KBD_BOOKEDITDEFINE,bookeditdefine,
1,keyboard,KBD_BOOKRENAMEFILE,bookrenamefile,
1,keyboard,KBD_BORDERS,borders,
1,keyboard,KBD_BROWSE_URL,browse url,
1,keyboard,KBD_CACHE_STATS,cache stats,
1,keyboard,KBD_CAPITAL,capital,
1,keyboard,KBD_CAPTURE,capture,
1,keyboard,KBD_CAPTURE_LIVE_DIALOG,capture live dialog,
1,keyboard,KBD_CBARPRO,cbarpro,
1,keyboard,KBD_CELLFMTQUICK,cellfmtquick,
1,keyboard,KBD_CHANGEDICT,changedict,
1,keyboard,KBD_CHANGEQUICK,changequick,
1,keyboard,KBD_CHARFMT_DELETE,charfmt delete,
1,keyboard,KBD_CHARxxx,cha rxxx,
1,keyboard,KBD_CHECKBATCH,checkbatch,
1,keyboard,KBD_CHECKDOC,checkdoc,
1,keyboard,KBD_CHECKPAGE,checkpage,
1,keyboard,KBD_CHECKSEL,checksel,
1,keyboard,KBD_CLEAR,clear,
1,keyboard,KBD_CLEARAUTO,clearauto,
1,keyboard,KBD_CLOPWIN,clopwin,
1,keyboard,KBD_CLOSEWIN,closewin,
1,keyboard,KBD_CLOSE_ATTREDITOR,close attreditor,
1,keyboard,KBD_CLOSE_CHARACTER_CATAL,close character catal,
1,keyboard,KBD_CLOSE_CHARACTER_DESIG,close character desig,
1,keyboard,KBD_CLOSE_COMPONENTS,close components,
1,keyboard,KBD_CLOSE_COND,close condition,
1,keyboard,KBD_CLOSE_CUSTRS,close custrs,
1,keyboard,KBD_CLOSE_ELEMENT_CATALOG,close element catalog,
1,keyboard,KBD_CLOSE_ELEM_CTX,close element context,
1,keyboard,KBD_CLOSE_ELEM_CTX_AV,close element context av,
1,keyboard,KBD_CLOSE_EQUATIONS_PALETT,close equations palett,
1,keyboard,KBD_CLOSE_FONTFMT,close fontfmt,
1,keyboard,KBD_CLOSE_HYPERTEXT,close hypertext,
1,keyboard,KBD_CLOSE_MARKER,close marker,
1,keyboard,KBD_CLOSE_PARAGRAPH_CATAL,close paragraph catal,
1,keyboard,KBD_CLOSE_PARAGRAPH_DESIG,close paragraph desig,
1,keyboard,KBD_CLOSE_PGFFMT,close pgffmt,
1,keyboard,KBD_CLOSE_SEARCH,close search,
1,keyboard,KBD_CLOSE_SPELL,close spell,
1,keyboard,KBD_CLOSE_STRWIN,close strwin,
1,keyboard,KBD_CLOSE_TABLE_CATALOG,close table catalog,
1,keyboard,KBD_CLOSE_TABLE_DESIGNER,close table designer,
1,keyboard,KBD_CLOSE_TBLFMT,close tblfmt,
1,keyboard,KBD_CLOSE_TOOLS_PALETTE,close tools palette,
1,keyboard,KBD_CLOSE_TOP_PALETTE,close top palette,
1,keyboard,KBD_CLOSE_VALIDATION,close validation,
1,keyboard,KBD_CMS_CONNECTION_MGR,content management system connection mgr,
1,keyboard,KBD_CMS_UPLOAD_DOC_OR_B,content management system upload document or b,
1,keyboard,KBD_COLLAPSE_ALL,collapse all,
1,keyboard,KBD_COLLAYOUT,collayout,
1,keyboard,KBD_COLOR,color,
1,keyboard,KBD_COMBINED_FONTS,combined fonts,
1,keyboard,KBD_COMPARE,compare,
1,keyboard,KBD_COMPONENT_PROPERTIES,component properties,
1,keyboard,KBD_CONDINDICATOR,condindicator,
1,keyboard,KBD_CONDINQUICK,condinquick,
1,keyboard,KBD_CONDNOTINQUICK,condnotinquick,
1,keyboard,KBD_CONDTEXT,condtext,
1,keyboard,KBD_CONDTOGGLEOVERR,condtoggleoverr,
1,keyboard,KBD_CONDVISIBILITY,condvisibility,
1,keyboard,KBD_CONDVISONLYQUICK,condvisonlyquick,
1,keyboard,KBD_CONFIGURE_TC_COLOR,configure tc color,
1,keyboard,KBD_CONNECT_TEXT_FRAME,connect text frame,
1,keyboard,KBD_CONSTRAIN,constrain,
1,keyboard,KBD_CONTEXTMENU,contextmenu,
1,keyboard,KBD_COPY,copy,
1,keyboard,KBD_COPYATTRS,copyattrs,
1,keyboard,KBD_COPYCELLFMT,copycellfmt,
1,keyboard,KBD_COPYCOLW,copycolw,
1,keyboard,KBD_COPYCOND,copycond,
1,keyboard,KBD_COPYFONT,copyfont,
1,keyboard,KBD_COPYPGF,copypgf,
1,keyboard,KBD_COPYRIGHT,copyright,
1,keyboard,KBD_CORRECT,correct,
1,keyboard,KBD_COUNT_SBLOCKS,count sblocks,
1,keyboard,KBD_CREATE_MULTIMEDIA_LINK,create multimedia link,
1,keyboard,KBD_CREATE_PUBLISHER,create publisher,
1,keyboard,KBD_CSHELPMODE,cshelpmode,
1,keyboard,KBD_CURTAIL,curtail,
1,keyboard,KBD_CUSTOMNEW,customnew,
1,keyboard,KBD_CUST_TEXT_FRAME,cust text frame,
1,keyboard,KBD_CUT,cut,
1,keyboard,KBD_CUTBOTH,cutboth,
1,keyboard,KBD_CUTHEAD,cuthead,
1,keyboard,KBD_DASH0,dash0,
1,keyboard,KBD_DASH1,dash1,
1,keyboard,KBD_DASHOPTION,dashoption,
1,keyboard,KBD_DECDASH,decdash,
1,keyboard,KBD_DECFILL,decfill,
1,keyboard,KBD_DECPEN,decpen,
1,keyboard,KBD_DECWIDTH,decwidth,
1,keyboard,KBD_DELDOCDICT,deldocdict,
1,keyboard,KBD_DELETEMARKER,deletemarker,
1,keyboard,KBD_DELETEPAGE,deletepage,
1,keyboard,KBD_DELETE_FILE,delete file,
1,keyboard,KBD_DELINKHOTSPOT,delinkhotspot,
1,keyboard,KBD_DELMARKERTYPE,delmarkertype,
1,keyboard,KBD_DELUSRDICT,delusrdict,
1,keyboard,KBD_DEREFREF,derefref,
1,keyboard,KBD_DFN_LIB_obsolete,dfn lib obsolete,
1,keyboard,KBD_DFN_WEB_obsolete,dfn web obsolete,
1,keyboard,KBD_DISTRIBUTE,distribute,
1,keyboard,KBD_DOCINFO,docinfo,
1,keyboard,KBD_DOC_REPORT,document report,
1,keyboard,KBD_DONTHYPHEN,donthyphen,
1,keyboard,KBD_DOUBLE_QUOTE,double quote,
1,keyboard,KBD_DRE_MODE_M,dre mode m,
1,keyboard,KBD_DRE_MODE_W,dre mode w,
1,keyboard,KBD_DRE_MODE_X,dre mode x,
1,keyboard,KBD_DSEXIT,dsexit,
1,keyboard,KBD_DUMPHYPERTEXT,dumphypertext,
1,keyboard,KBD_ECAPTURE,ecapture,
1,keyboard,KBD_EDITHOTSPOT,edithotspot,
1,keyboard,KBD_EDITLINKS,editlinks,
1,keyboard,KBD_EDITMARKERTYPE,editmarkertype,
1,keyboard,KBD_EDITVARIABLE,editvariable,
1,keyboard,KBD_ELEMENTWIN,elementwin,
1,keyboard,KBD_ELEM_BORDER,element border,
1,keyboard,KBD_ELEM_CAT_OPTS,element cat opts,
1,keyboard,KBD_ELEM_DEMOTE,element demote,
1,keyboard,KBD_ELEM_MERGE_1ST,element merge 1st,
1,keyboard,KBD_ELEM_MERGE_LAST,element merge last,
1,keyboard,KBD_ELEM_PROMOTE,element promote,
1,keyboard,KBD_ELEM_SPLIT,element split,
1,keyboard,KBD_ELEM_TAGS,element tags,
1,keyboard,KBD_ELEM_TRANSPOSE_NEXT,element transpose next,
1,keyboard,KBD_ELEM_TRANSPOSE_PREV,element transpose previous,
1,keyboard,KBD_ELEM_UNWRAP,element unwrap,
1,keyboard,KBD_EMBEDDED00,embedded00,
1,keyboard,KBD_EMBEDDED01,embedded01,
1,keyboard,KBD_EMBEDDED02,embedded02,
1,keyboard,KBD_EMBEDDED03,embedded03,
1,keyboard,KBD_EMBEDDED04,embedded04,
1,keyboard,KBD_EMBEDDED05,embedded05,
1,keyboard,KBD_EMBEDDED06,embedded06,
1,keyboard,KBD_EMBEDDED07,embedded07,
1,keyboard,KBD_EMBEDDED08,embedded08,
1,keyboard,KBD_EMBEDDED09,embedded09,
1,keyboard,KBD_EMBEDDED10,embedded10,
1,keyboard,KBD_EMBEDDED11,embedded11,
1,keyboard,KBD_EMBEDDED12,embedded12,
1,keyboard,KBD_EMBEDDED13,embedded13,
1,keyboard,KBD_EMBEDDED14,embedded14,
1,keyboard,KBD_EMBEDDED15,embedded15,
1,keyboard,KBD_EMBEDDED16,embedded16,
1,keyboard,KBD_EMBEDDED17,embedded17,
1,keyboard,KBD_EMBEDDED18,embedded18,
1,keyboard,KBD_EMBEDDED19,embedded19,
1,keyboard,KBD_EMBEDDEDMAX,embeddedmax,
1,keyboard,KBD_EMSPACE,emspace,
1,keyboard,KBD_ENSPACE,enspace,
1,keyboard,KBD_EQUATION,equation,
1,keyboard,KBD_EVACUATE,evacuate,
1,keyboard,KBD_EXPAND_ALL,expand all,
1,keyboard,KBD_EXPORT_DOCUMENT,export document,
1,keyboard,KBD_EXPORT_GRAPHIC,export graphic,
1,keyboard,KBD_EXPOSEWIN,exposewin,
1,keyboard,KBD_FB_EDIT_PREFS,fb edit prefs,
1,keyboard,KBD_FILL0,fill0,
1,keyboard,KBD_FILL1,fill1,
1,keyboard,KBD_FINDNEXT,findnext,
1,keyboard,KBD_FINDPREV,findprev,
1,keyboard,KBD_FIRSTPAGE,firstpage,
1,keyboard,KBD_FIRSTTAB,firsttab,
1,keyboard,KBD_FLIPLR,fliplr,
1,keyboard,KBD_FLIPUD,flipud,
1,keyboard,KBD_FMPIP,fmpip,
1,keyboard,KBD_FNEXT,fnext,
1,keyboard,KBD_FONTDESIGN,fontdesign,
1,keyboard,KBD_FONTPOD,fontpod,
1,keyboard,KBD_FONTQUICK,fontquick,
1,keyboard,KBD_FONTREPLACEPOD,fontreplacepod,
1,keyboard,KBD_FONTWIN,fontwin,
1,keyboard,KBD_FOOTNOTE,footnote,
1,keyboard,KBD_FOOTNOTEPRO,footnotepro,
1,keyboard,KBD_FPREV,fprev,
1,keyboard,KBD_FRAMETOOL,frametool,
1,keyboard,KBD_FREETOOL,freetool,
1,keyboard,KBD_FREEZE,freeze,
1,keyboard,KBD_FRONT,front,
1,keyboard,KBD_FULLRULERS,fullrulers,
1,keyboard,KBD_GBL_END,gbl end,
1,keyboard,KBD_GBL_START,gbl start,
1,keyboard,KBD_GENERATE,generate,
1,keyboard,KBD_GETTRIGGER,gettrigger,
1,keyboard,KBD_GOTOIP,gotoip,
1,keyboard,KBD_GOTOLINEN,gotolinen,
1,keyboard,KBD_GOTOPAGE,gotopage,
1,keyboard,KBD_GOTOPAGEN,gotopagen,
1,keyboard,KBD_GRAPHIC_SET_NAME,graphic set name,
1,keyboard,KBD_GRAVITY,gravity,
1,keyboard,KBD_GRAVITY_0,gravity 0,
1,keyboard,KBD_GRAVITY_1,gravity 1,
1,keyboard,KBD_GRID,grid,
1,keyboard,KBD_GROUP,group,
1,keyboard,KBD_HARDHYPHEN,hardhyphen,
1,keyboard,KBD_HARDRETURN,hardreturn,
1,keyboard,KBD_HARDSPACE,hardspace,
1,keyboard,KBD_HEATREF,heatref,
1,keyboard,KBD_HELP,help,
1,keyboard,KBD_HELP_INDEX,help index,
1,keyboard,KBD_HELP_KEYS,help keys,
1,keyboard,KBD_HELP_ONLINEMANUALS,help onlinemanuals,
1,keyboard,KBD_HELP_OVERVIEW,help overview,
1,keyboard,KBD_HELP_SAMPLES,help samples,
1,keyboard,KBD_HELP_WEBWORKS,help webworks,
1,keyboard,KBD_HEROIC_OPEN,heroic open,
1,keyboard,KBD_HIDEWIN,hidewin,
1,keyboard,KBD_HIDE_BORDERS,hide borders,
1,keyboard,KBD_HIDE_COND_IND,hide condition ind,
1,keyboard,KBD_HIDE_ELEM_BORDER,hide element border,
1,keyboard,KBD_HIDE_GRAPHICS,hide graphics,
1,keyboard,KBD_HIDE_GRID,hide grid,
1,keyboard,KBD_HIDE_HOTSPOTINDICATORS,hide hotspotindicators,
1,keyboard,KBD_HIDE_LINK_BOUNDARIES,hide link boundaries,
1,keyboard,KBD_HIDE_RULERS,hide rulers,
1,keyboard,KBD_HIDE_SYMBOLS,hide symbols,
1,keyboard,KBD_HISHWIN,hishwin,
1,keyboard,KBD_HIST,hist,
1,keyboard,KBD_HOTSPOT,hotspot,
1,keyboard,KBD_HOTSPOTINDICATORS,hotspotindicators,
1,keyboard,KBD_HOTSPOTSPOD,hotspotspod,
1,keyboard,KBD_HSCROLL,hscroll,
1,keyboard,KBD_HYPERTEXT,hypertext,
1,keyboard,KBD_HYPHENATE,hyphenate,
1,keyboard,KBD_HYPRTXT_SHTCUT,hyprtxt shtcut,
1,keyboard,KBD_IMPORT,import,
1,keyboard,KBD_INCDASH,incdash,
1,keyboard,KBD_INCFILL,incfill,
1,keyboard,KBD_INCPEN,incpen,
1,keyboard,KBD_INCWIDTH,incwidth,
1,keyboard,KBD_INDEX_AUTHOR,index author,
1,keyboard,KBD_INDEX_MARKER,index marker,
1,keyboard,KBD_INDEX_REFERENCES,index references,
1,keyboard,KBD_INDEX_STANDARD,index standard,
1,keyboard,KBD_INDEX_SUBJECT,index subject,
1,keyboard,KBD_INFO,info,
1,keyboard,KBD_INITCAP,initcap,
1,keyboard,KBD_INITCAPH,initcaph,
1,keyboard,KBD_INLINE_ATTREDTR,inline attredtr,
1,keyboard,KBD_INPUT,input,
1,keyboard,KBD_INSERTOBJECT,insertobject,
1,keyboard,KBD_INSERTQUICK,insertquick,
1,keyboard,KBD_INSET,inset,
1,keyboard,KBD_INSETPOD,insetpod,
1,keyboard,KBD_Item1stLogical,item1st logical,
1,keyboard,KBD_ItemDown,item down,
1,keyboard,KBD_ItemFirstFocus,item first focus,
1,keyboard,KBD_ItemLeft,item left,
1,keyboard,KBD_ItemNextLogical,item next logical,
1,keyboard,KBD_ItemNextPhysical,item next physical,
1,keyboard,KBD_ItemPrevLogical,item previous logical,
1,keyboard,KBD_ItemPrevPhysical,item previous physical,
1,keyboard,KBD_ItemRight,item right,
1,keyboard,KBD_ItemSelect,item select,
1,keyboard,KBD_ItemUp,item up,
1,keyboard,KBD_JOINCURVES,joincurves,
1,keyboard,KBD_KBMACRO,kbmacro,
1,keyboard,KBD_KEEPTOOL,keeptool,
1,keyboard,KBD_KERNDOWN,kerndown,
1,keyboard,KBD_KERNDOWN6,kerndown6,
1,keyboard,KBD_KERNHOME,kernhome,
1,keyboard,KBD_KERNLEFT,kernleft,
1,keyboard,KBD_KERNLEFT6,kernleft6,
1,keyboard,KBD_KERNRIGHT,kernright,
1,keyboard,KBD_KERNRIGHT6,kernright6,
1,keyboard,KBD_KERNUP,kernup,
1,keyboard,KBD_KERNUP6,kernup6,
1,keyboard,KBD_LASTPAGE,lastpage,
1,keyboard,KBD_LASTTOOL,lasttool,
1,keyboard,KBD_LGEQN,lgeqn,
1,keyboard,KBD_LINELAYOUT,linelayout,
1,keyboard,KBD_LINENUMPRO,linenumpro,
1,keyboard,KBD_LINENUMTOGGLE,linenumtoggle,
1,keyboard,KBD_LINETOOL,linetool,
1,keyboard,KBD_LINK_BOUNDARIES,link boundaries,
1,keyboard,KBD_LIST_FIGURE,list figure,
1,keyboard,KBD_LIST_MARKER,list marker,
1,keyboard,KBD_LIST_MARKER_ALPHA,list marker alpha,
1,keyboard,KBD_LIST_PGF,list paragraph,
1,keyboard,KBD_LIST_PGF_ALPHA,list paragraph alpha,
1,keyboard,KBD_LIST_REFERENCES,list references,
1,keyboard,KBD_LIST_TABLE,list table,
1,keyboard,KBD_MANCOND,mancond,
1,keyboard,KBD_MARKERS,markers,
1,keyboard,KBD_MARKERSPOD,markerspod,
1,keyboard,KBD_MASTERPAGE,masterpage,
1,keyboard,KBD_MATHWIN,mathwin,
1,keyboard,KBD_MATH_BASE,math base,
1,keyboard,KBD_MAXIMIZE,maximize,
1,keyboard,KBD_MEDEQN,medeqn,
1,keyboard,KBD_MEMFAIL,memfail,
1,keyboard,KBD_MEM_STATS,mem stats,
1,keyboard,KBD_MENUBARFOCUS,menubarfocus,
1,keyboard,KBD_MENUCOMPLETE,menucomplete,
1,keyboard,KBD_MENUCUSTOM,menucustom,
1,keyboard,KBD_MENUMODIFY,menumodify,
1,keyboard,KBD_MENUQUICK,menuquick,
1,keyboard,KBD_MENURESET,menureset,
1,keyboard,KBD_MINIMIZE,minimize,
1,keyboard,KBD_MODE_ROTATE_TOOL,mode rotate tool,
1,keyboard,KBD_MOVEWIN,movewin,
1,keyboard,KBD_MOVE_DOWN,move down,
1,keyboard,KBD_MOVE_LEFT,move left,
1,keyboard,KBD_MOVE_RIGHT,move right,
1,keyboard,KBD_MOVE_UP,move up,
1,keyboard,KBD_MUTATE,mutate,
1,keyboard,KBD_NAMESPACES,namespaces,
1,keyboard,KBD_NEW,new,
1,keyboard,KBD_NEWAFRAME,newaframe,
1,keyboard,KBD_NEWBOOK,newbook,
1,keyboard,KBD_NEWHYPERTEXT,newhypertext,
1,keyboard,KBD_NEWMARKER,newmarker,
1,keyboard,KBD_NEWMASTER,newmaster,
1,keyboard,KBD_NEWVAR,newvar,
1,keyboard,KBD_NEW_XML,new xml,
1,keyboard,KBD_NEXTPAGE,nextpage,
1,keyboard,KBD_NOCHANGEDB,nochangedb,
1,keyboard,KBD_NORMALIZE_TAGS,normalize tags,
1,keyboard,KBD_NUMBERING,numbering,
1,keyboard,KBD_NUMLOCK,numlock,
1,keyboard,KBD_NUMSPACE,numspace,
1,keyboard,KBD_OBALIGN_BOTTOM,obalign bottom,
1,keyboard,KBD_OBALIGN_CENTER,obalign center,
1,keyboard,KBD_OBALIGN_LEFT,obalign left,
1,keyboard,KBD_OBALIGN_MIDDLE,obalign middle,
1,keyboard,KBD_OBALIGN_RIGHT,obalign right,
1,keyboard,KBD_OBALIGN_TOP,obalign top,
1,keyboard,KBD_OBJDOWN,objdown,
1,keyboard,KBD_OBJLEFT,objleft,
1,keyboard,KBD_OBJPROPS,objprops,
1,keyboard,KBD_OBJRIGHT,objright,
1,keyboard,KBD_OBJSELECT,objselect,
1,keyboard,KBD_OBJSELECT_NOPREF,objselect nopref,
1,keyboard,KBD_OBJUP,objup,
1,keyboard,KBD_OPEN,open,
1,keyboard,KBD_OPENALL,openall,
1,keyboard,KBD_OPENLINE,openline,
1,keyboard,KBD_OPENWIN,openwin,
1,keyboard,KBD_OPEN_COMPONENTS,open components,
1,keyboard,KBD_OPEN_IN_POPUP_WIN_IN_,open in popup win in,
1,keyboard,KBD_OPEN_REPOSITORY,open repository,
1,keyboard,KBD_OPTIONS,options,
1,keyboard,KBD_OVALTOOL,ovaltool,
1,keyboard,KBD_OVERPRINT,overprint,
1,keyboard,KBD_OVERPRINT_NONE,overprint none,
1,keyboard,KBD_PAGEBACK,pageback,
1,keyboard,KBD_PAGEBREAK,pagebreak,
1,keyboard,KBD_PAGELAYOUT,pagelayout,
1,keyboard,KBD_PAGESETUP,pagesetup,
1,keyboard,KBD_PAGESIZE,pagesize,
1,keyboard,KBD_PAGESTATUS,pagestatus,
1,keyboard,KBD_PAGEUPDATE,pageupdate,
1,keyboard,KBD_PAGINATION,pagination,
1,keyboard,KBD_PASTE,paste,
1,keyboard,KBD_PASTESPECIAL,pastespecial,
1,keyboard,KBD_PASTE_RTF,paste rtf,
1,keyboard,KBD_PAUSE_0x01,pause 0x01,
1,keyboard,KBD_PAUSE_0x10,pause 0x10,
1,keyboard,KBD_PAUSE_1x00,pause 1x00,
1,keyboard,KBD_PEN0,pen0,
1,keyboard,KBD_PEN1,pen1,
1,keyboard,KBD_PGFDESIGN,pgfdesign,
1,keyboard,KBD_PGFFMT_DELETE,pgffmt delete,
1,keyboard,KBD_PGFFMT_DELETE_UNUSED,pgffmt delete unused,
1,keyboard,KBD_PGFQUICK,pgfquick,
1,keyboard,KBD_PGFWIN,pgfwin,
1,keyboard,KBD_PICKOBJPROPS,pickobjprops,
1,keyboard,KBD_PODLOCATION,podlocation,
1,keyboard,KBD_POLYGTOOL,polygtool,
1,keyboard,KBD_POLYLTOOL,polyltool,
1,keyboard,KBD_POPUP_MENU,popup menu,
1,keyboard,KBD_PREVIEWFBA,previewfba,
1,keyboard,KBD_PREVIEW_ACCEPTALL,preview acceptall,
1,keyboard,KBD_PREVIEW_OFF,preview off,
1,keyboard,KBD_PREVIEW_REJECTALL,preview rejectall,
1,keyboard,KBD_PREVPAGE,prevpage,
1,keyboard,KBD_PRINT,print,
1,keyboard,KBD_PRINTSETUP,printsetup,
1,keyboard,KBD_PRINT_COMPONENTS,print components,
1,keyboard,KBD_PURIFY_ALL_LEAKS,purify all leaks,
1,keyboard,KBD_PURIFY_CLEAR_LEAKS,purify clear leaks,
1,keyboard,KBD_PURIFY_NEW_LEAKS,purify new leaks,
1,keyboard,KBD_PUTINLINE,putinline,
1,keyboard,KBD_QUIETCLOSEWIN,quietclosewin,
1,keyboard,KBD_QUITALL,quitall,
1,keyboard,KBD_QUITWIN,quitwin,
1,keyboard,KBD_RANDF,randf,
1,keyboard,KBD_RECORD,record,
1,keyboard,KBD_RECTTOOL,recttool,
1,keyboard,KBD_REDO,redo,
1,keyboard,KBD_REFERENCE,reference,
1,keyboard,KBD_REFORMATDOC,reformatdoc,
1,keyboard,KBD_REFPAGE,refpage,
1,keyboard,KBD_REFRESHWIN,refreshwin,
1,keyboard,KBD_REFRESH_DITAMAP_RMVIEW,refresh ditamap rmview,
1,keyboard,KBD_REJECTALLCHANGE,rejectallchange,
1,keyboard,KBD_REJECTCHANGE,rejectchange,
1,keyboard,KBD_REJECTCHANGEANDNEXT,rejectchangeandnext,
1,keyboard,KBD_REMOVEPOSTER,removeposter,
1,keyboard,KBD_REMOVE_STRUCT,remove struct,
1,keyboard,KBD_RENAMEFRAME,renameframe,
1,keyboard,KBD_RENAMEMARKERTYPE,renamemarkertype,
1,keyboard,KBD_RENAMEORPLAIN,renameorplain,
1,keyboard,KBD_RENAMEPAGE,renamepage,
1,keyboard,KBD_REORDERMASTER,reordermaster,
1,keyboard,KBD_REPEAT,repeat,
1,keyboard,KBD_REPEATNEW,repeatnew,
1,keyboard,KBD_REROTATE,rerotate,
1,keyboard,KBD_RESETDB,resetdb,
1,keyboard,KBD_RESHAPE,reshape,
1,keyboard,KBD_RESIZEBOX,resizebox,
1,keyboard,KBD_RESIZEBOXM,resizeboxm,
1,keyboard,KBD_RESIZELOCK,resizelock,
1,keyboard,KBD_RESIZEUNLOCK,resizeunlock,
1,keyboard,KBD_RESTORE,restore,
1,keyboard,KBD_RESTOREFONT,restorefont,
1,keyboard,KBD_RETURN,return,
1,keyboard,KBD_REVERT,revert,
1,keyboard,KBD_REWRAP_INLINE_MATH,rewrap inline math,
1,keyboard,KBD_RGLOBAL,rglobal,
1,keyboard,KBD_RM_MODE,rm mode,
1,keyboard,KBD_RONCE,ronce,
1,keyboard,KBD_ROTATE,rotate,
1,keyboard,KBD_ROTATE_AGAIN,rotate again,
1,keyboard,KBD_ROTATE_CCW,rotate ccw,
1,keyboard,KBD_ROTATE_CCW_SMALL,rotate ccw small,
1,keyboard,KBD_ROTATE_CW,rotate cw,
1,keyboard,KBD_ROTATE_CW_SMALL,rotate cw small,
1,keyboard,KBD_ROTATE_NATURAL,rotate natural,
1,keyboard,KBD_ROTATE_RESET0,rotate reset0,
1,keyboard,KBD_ROTPAGE_MINUS,rotpage minus,
1,keyboard,KBD_ROTPAGE_NORM,rotpage norm,
1,keyboard,KBD_ROTPAGE_PLUS,rotpage plus,
1,keyboard,KBD_ROT_MINUS,rot minus,
1,keyboard,KBD_ROT_PLUS,rot plus,
1,keyboard,KBD_ROUNDRECT,roundrect,
1,keyboard,KBD_RUBIPROPS,rubiprops,
1,keyboard,KBD_RULERS,rulers,
1,keyboard,KBD_RUN_BBOX,run bbox,
1,keyboard,KBD_RUN_CONTOUR,run contour,
1,keyboard,KBD_RUN_GAP,run gap,
1,keyboard,KBD_RUN_OFF,run off,
1,keyboard,KBD_RUN_PROPS,run properties,
1,keyboard,KBD_SAVE,save,
1,keyboard,KBD_SAVEALL,saveall,
1,keyboard,KBD_SAVEAS,saveas,
1,keyboard,KBD_SAVEASDBRE,saveasdbre,
1,keyboard,KBD_SAVEASPDF,saveaspdf,
1,keyboard,KBD_SAVEASPDFREVIEW,saveaspdfreview,
1,keyboard,KBD_SAVEASPDFREVIEW2,saveaspdfreview2,
1,keyboard,KBD_SAVEASPDFSHARE,saveaspdfshare,
1,keyboard,KBD_SAVEASPDFUBIQ,saveaspdfubiq,
1,keyboard,KBD_SAVEASXML,saveasxml,
1,keyboard,KBD_SAVEDBRE,savedbre,
1,keyboard,KBD_SAVEFMX,savefmx,
1,keyboard,KBD_SAVEMETA,savemeta,
1,keyboard,KBD_SAVESAS,savesas,
1,keyboard,KBD_SAVE_COMPONENTS,save components,
1,keyboard,KBD_SCALE,scale,
1,keyboard,KBD_SCREENMODE_FULLSCREEN,screenmode fullscreen,
1,keyboard,KBD_SCREENMODE_FULLSCREEN_UI,screenmode fullscreen ui,
1,keyboard,KBD_SCREENMODE_STANDARD,screenmode standard,
1,keyboard,KBD_SCREENMODE_TOGGLE,screenmode toggle,
1,keyboard,KBD_SEARCH,search,
1,keyboard,KBD_SEARCHREFS,searchrefs,
1,keyboard,KBD_SELECTALL,selectall,
1,keyboard,KBD_SELECT_CHAPTER_COMPONENTS,select chapter components,
1,keyboard,KBD_SELECT_EXCLUDED_FILE,select excluded file,
1,keyboard,KBD_SELECT_FM_FILES,select fm files,
1,keyboard,KBD_SELECT_GENERATED_FILES,select generated files,
1,keyboard,KBD_SELECT_NONEXCLUDED_FIL,select nonexcluded fil,
1,keyboard,KBD_SELECT_NON_GENERATED_,select non generated,
1,keyboard,KBD_SELECT_PRINTABLE_FILES,select printable files,
1,keyboard,KBD_SELECT_SECTION_COMPON,select section compon,
1,keyboard,KBD_SELECT_SUBSECTION_COM,select subsection com,
1,keyboard,KBD_SEPARATIONS,separations,
1,keyboard,KBD_SESSION,session,
1,keyboard,KBD_SETALIGN_PROPS,setalign properties,
1,keyboard,KBD_SETCAP,setcap,
1,keyboard,KBD_SETCAP_0,setcap 0,
1,keyboard,KBD_SETCAP_1,setcap 1,
1,keyboard,KBD_SETCAP_2,setcap 2,
1,keyboard,KBD_SETCAP_3,setcap 3,
1,keyboard,KBD_SETCAP_OPTION,setcap option,
1,keyboard,KBD_SETDASH,setdash,
1,keyboard,KBD_SETDASH_0,setdash 0,
1,keyboard,KBD_SETDASH_1,setdash 1,
1,keyboard,KBD_SETDASH_2,setdash 2,
1,keyboard,KBD_SETDASH_3,setdash 3,
1,keyboard,KBD_SETDASH_4,setdash 4,
1,keyboard,KBD_SETDASH_5,setdash 5,
1,keyboard,KBD_SETDASH_6,setdash 6,
1,keyboard,KBD_SETDASH_7,setdash 7,
1,keyboard,KBD_SETDASH_8,setdash 8,
1,keyboard,KBD_SETDASH_OPTION,setdash option,
1,keyboard,KBD_SETDISTRIBUTE_PROPS,setdistribute properties,
1,keyboard,KBD_SETELCATALL,setelcatall,
1,keyboard,KBD_SETELCATCHILD,setelcatchild,
1,keyboard,KBD_SETELCATFREQ,setelcatfreq,
1,keyboard,KBD_SETELCATLOOSE,setelcatloose,
1,keyboard,KBD_SETELCATSTRICT,setelcatstrict,
1,keyboard,KBD_SETFILL,setfill,
1,keyboard,KBD_SETFILL_0,setfill 0,
1,keyboard,KBD_SETFILL_1,setfill 1,
1,keyboard,KBD_SETFILL_2,setfill 2,
1,keyboard,KBD_SETFILL_3,setfill 3,
1,keyboard,KBD_SETFILL_4,setfill 4,
1,keyboard,KBD_SETFILL_5,setfill 5,
1,keyboard,KBD_SETFILL_6,setfill 6,
1,keyboard,KBD_SETFILL_7,setfill 7,
1,keyboard,KBD_SETFILL_8,setfill 8,
1,keyboard,KBD_SETFILL_9,setfill 9,
1,keyboard,KBD_SETFILL_A,setfill a,
1,keyboard,KBD_SETFILL_B,setfill b,
1,keyboard,KBD_SETFILL_C,setfill c,
1,keyboard,KBD_SETFILL_D,setfill d,
1,keyboard,KBD_SETFILL_E,setfill e,
1,keyboard,KBD_SETFILL_F,setfill f,
1,keyboard,KBD_SETFROMCOLOR,setfromcolor,
1,keyboard,KBD_SETKNOCKOUT,setknockout,
1,keyboard,KBD_SETOVERPRINT,setoverprint,
1,keyboard,KBD_SETPEN,setpen,
1,keyboard,KBD_SETPEN_0,setpen 0,
1,keyboard,KBD_SETPEN_1,setpen 1,
1,keyboard,KBD_SETPEN_2,setpen 2,
1,keyboard,KBD_SETPEN_3,setpen 3,
1,keyboard,KBD_SETPEN_4,setpen 4,
1,keyboard,KBD_SETPEN_5,setpen 5,
1,keyboard,KBD_SETPEN_6,setpen 6,
1,keyboard,KBD_SETPEN_7,setpen 7,
1,keyboard,KBD_SETPEN_8,setpen 8,
1,keyboard,KBD_SETPEN_9,setpen 9,
1,keyboard,KBD_SETPEN_A,setpen a,
1,keyboard,KBD_SETPEN_B,setpen b,
1,keyboard,KBD_SETPEN_C,setpen c,
1,keyboard,KBD_SETPEN_D,setpen d,
1,keyboard,KBD_SETPEN_E,setpen e,
1,keyboard,KBD_SETPEN_F,setpen f,
1,keyboard,KBD_SETPOSTER,setposter,
1,keyboard,KBD_SETRUN_PROPS,setrun properties,
1,keyboard,KBD_SETSEARCH,setsearch,
1,keyboard,KBD_SETSEP,setsep,
1,keyboard,KBD_SETSEP_ALL,setsep all,
1,keyboard,KBD_SETSEP_KEEP,setsep keep,
1,keyboard,KBD_SETSEP_RESET_TINT_OVER,setsep reset tint over,
1,keyboard,KBD_SETSIDES,setsides,
1,keyboard,KBD_SETSOLID,setsolid,
1,keyboard,KBD_SETTINT,settint,
1,keyboard,KBD_SETWIDTH,setwidth,
1,keyboard,KBD_SETWIDTH_0,setwidth 0,
1,keyboard,KBD_SETWIDTH_1,setwidth 1,
1,keyboard,KBD_SETWIDTH_2,setwidth 2,
1,keyboard,KBD_SETWIDTH_3,setwidth 3,
1,keyboard,KBD_SETWIDTH_OPTION,setwidth option,
1,keyboard,KBD_SETWIDTH_SLIDE,setwidth slide,
1,keyboard,KBD_SET_TEXTFRAME_GRID,set textframe grid,
1,keyboard,KBD_SHFTSPACE,shftspace,
1,keyboard,KBD_SHOWNEXT,shownext,
1,keyboard,KBD_SHOWPREV,showprev,
1,keyboard,KBD_SHOW_BORDERS,show borders,
1,keyboard,KBD_SHOW_COND_IND,show condition ind,
1,keyboard,KBD_SHOW_ELEM_BORDER,show element border,
1,keyboard,KBD_SHOW_ELEM_CTX,show element context,
1,keyboard,KBD_SHOW_ELEM_CTX_AV,show element context av,
1,keyboard,KBD_SHOW_ELEM_TAGS,show element tags,
1,keyboard,KBD_SHOW_GRAPHICS,show graphics,
1,keyboard,KBD_SHOW_GRID,show grid,
1,keyboard,KBD_SHOW_HOTSPOTINDICATORS,show hotspotindicators,
1,keyboard,KBD_SHOW_LINK_BOUNDARIES,show link boundaries,
1,keyboard,KBD_SHOW_RULERS,show rulers,
1,keyboard,KBD_SHOW_SYMBOLS,show symbols,
1,keyboard,KBD_SILENT_OPEN,silent open,
1,keyboard,KBD_SINGLE_QUOTE,single quote,
1,keyboard,KBD_SLOW_0x00,slow 0x00,
1,keyboard,KBD_SLOW_0x01,slow 0x01,
1,keyboard,KBD_SLOW_0x10,slow 0x10,
1,keyboard,KBD_SLOW_1x00,slow 1x00,
1,keyboard,KBD_SMALLTOOLWIN,smalltoolwin,
1,keyboard,KBD_SMEQN,smeqn,
1,keyboard,KBD_SMOOTH,smooth,
1,keyboard,KBD_SNAP,snap,
1,keyboard,KBD_SNAP_0,snap 0,
1,keyboard,KBD_SNAP_1,snap 1,
1,keyboard,KBD_SOFTHYPHEN,softhyphen,
1,keyboard,KBD_SPELLING,spelling,
1,keyboard,KBD_SPELLRESET,spellreset,
1,keyboard,KBD_SPLIT,split,
1,keyboard,KBD_SPLITL,splitl,
1,keyboard,KBD_SPLITR,splitr,
1,keyboard,KBD_SPOPTIONS,spoptions,
1,keyboard,KBD_STRIP_FLOWSTRUCTURE,strip flowstructure,
1,keyboard,KBD_STRWIN,strwin,
1,keyboard,KBD_STRWIN_LEFTANCHOR,strwin leftanchor,
1,keyboard,KBD_STUFF,stuff,
1,keyboard,KBD_STUFF_ITEM,stuff item,
1,keyboard,KBD_STYLEFMT_DELETE,stylefmt delete,
1,keyboard,KBD_STYLE_CATALOG,style catalog,
1,keyboard,KBD_STYLE_DESIGNER,style designer,
1,keyboard,KBD_STYLExxx,styl exxx,
1,keyboard,KBD_SUBSCRIBE_TO,subscribe to,
1,keyboard,KBD_SWAP_RED_BLUE,swap red blue,
1,keyboard,KBD_SYMBOLS,symbols,
1,keyboard,KBD_SYMFONT,symfont,
1,keyboard,KBD_TAB,tab,
1,keyboard,KBD_TABLEWIN,tablewin,
1,keyboard,KBD_TABLE_ADDRC,table addrc,
1,keyboard,KBD_TABLE_CELLFMT,table cellfmt,
1,keyboard,KBD_TABLE_CONVERT,table convert,
1,keyboard,KBD_TABLE_CUSTRS,table custrs,
1,keyboard,KBD_TABLE_DEBUG,table debug,
1,keyboard,KBD_TABLE_EXIT_IP,table exit ip,
1,keyboard,KBD_TABLE_FORMAT,table format,
1,keyboard,KBD_TABLE_INS,table insert,
1,keyboard,KBD_TABLE_RESIZECOL,table resizecol,
1,keyboard,KBD_TABLE_ROWFMT,table rowfmt,
1,keyboard,KBD_TABLE_RULES,table rules,
1,keyboard,KBD_TABLE_STRADDLE,table straddle,
1,keyboard,KBD_TABLE_TAB,table tab,
1,keyboard,KBD_TAB_CENTER,tab center,
1,keyboard,KBD_TAB_DECIMAL,tab decimal,
1,keyboard,KBD_TAB_LEFT,tab left,
1,keyboard,KBD_TAB_RIGHT,tab right,
1,keyboard,KBD_TAGSTATUS,tagstatus,
1,keyboard,KBD_TBLFMT_DELETE,tblfmt delete,
1,keyboard,KBD_TBLFMT_DELETE_UNUSED,tblfmt delete unused,
1,keyboard,KBD_TBLIP_ABOVE,tblip above,
1,keyboard,KBD_TBLIP_BELOW,tblip below,
1,keyboard,KBD_TBLIP_BOTTOM,tblip bottom,
1,keyboard,KBD_TBLIP_LEFT,tblip left,
1,keyboard,KBD_TBLIP_LEFTMOST,tblip leftmost,
1,keyboard,KBD_TBLIP_NEXT,tblip next,
1,keyboard,KBD_TBLIP_PREV,tblip previous,
1,keyboard,KBD_TBLIP_RIGHT,tblip right,
1,keyboard,KBD_TBLIP_RIGHTMOST,tblip rightmost,
1,keyboard,KBD_TBLIP_TOP,tblip top,
1,keyboard,KBD_TBLIP_TOPLEFT,tblip topleft,
1,keyboard,KBD_TBLSEL_CELL,tblsel cell,
1,keyboard,KBD_TBLSEL_CELLTEXT,tblsel celltext,
1,keyboard,KBD_TBLSEL_COL,tblsel column,
1,keyboard,KBD_TBLSEL_COLBODY,tblsel colbody,
1,keyboard,KBD_TBLSEL_ROW,tblsel row,
1,keyboard,KBD_TBLSEL_TABLE,tblsel table,
1,keyboard,KBD_TBL_DLG_ADD_ABOVE,table dialog add above,
1,keyboard,KBD_TBL_DLG_ADD_BELOW,table dialog add below,
1,keyboard,KBD_TBL_DLG_ADD_LEFT,table dialog add left,
1,keyboard,KBD_TBL_DLG_ADD_RIGHT,table dialog add right,
1,keyboard,KBD_TBL_DLG_CLEAR_EMPTY,table dialog clear empty,
1,keyboard,KBD_TBL_DLG_CLEAR_X,table dialog clear x,
1,keyboard,KBD_TBL_DLG_PASTE_AFTER,table dialog paste after,
1,keyboard,KBD_TBL_DLG_PASTE_BEFORE,table dialog paste before,
1,keyboard,KBD_TBL_DLG_PASTE_REPL,table dialog paste repl,
1,keyboard,KBD_TBL_DLG_SHRINKWRAP,table dialog shrinkwrap,
1,keyboard,KBD_TBL_DLG_UNIFY_CF,table dialog unify cf,
1,keyboard,KBD_TBL_DLG_UNIFY_TF,table dialog unify tf,
1,keyboard,KBD_TC_SEARCH_BOOK,tc search book,
1,keyboard,KBD_TC_SEARCH_DITAMAP,tc search ditamap,
1,keyboard,KBD_TC_SEARCH_DOC,tc search document,
1,keyboard,KBD_TC_SEARCH_SEL,tc search selection,
1,keyboard,KBD_TC_USER_NAME,tc user name,
1,keyboard,KBD_TEST_MODAL,test modal,
1,keyboard,KBD_TEST_MODELESS,test modeless,
1,keyboard,KBD_TEST_PRINTDBRE,test printdbre,
1,keyboard,KBD_TEXTCOLPRO,textcolpro,
1,keyboard,KBD_TEXTLTOOL,textltool,
1,keyboard,KBD_TEXTRTOOL,textrtool,
1,keyboard,KBD_TEXT_OPTIONS,text options,
1,keyboard,KBD_THESAURUS,thesaurus,
1,keyboard,KBD_THESAURUS_REPLACE,thesaurus replace,
1,keyboard,KBD_THINSPACE,thinspace,
1,keyboard,KBD_TOC,toc,
1,keyboard,KBD_TOGGLEDRAW,toggledraw,
1,keyboard,KBD_TOGGLE_COLLAPSE,toggle collapse,
1,keyboard,KBD_TOGGLE_COLLAPSE_ALL,toggle collapse all,
1,keyboard,KBD_TOGGLE_COLLAPSE_CHILD,toggle collapse child,
1,keyboard,KBD_TOGGLE_INCLUSION,toggle inclusion,
1,keyboard,KBD_TOGGLE_STRUCT_AND_DO,toggle struct and do,
1,keyboard,KBD_TOOLBAR_BASE,toolbar base,
1,keyboard,KBD_TOOLBAR_HIDEALL,toolbar hideall,
1,keyboard,KBD_TOOLBAR_SHOWALL,toolbar showall,
1,keyboard,KBD_TOOLWIN,toolwin,
1,keyboard,KBD_TRACKCHANGE,trackchange,
1,keyboard,KBD_TRACKCHANGEDISABLE,trackchangedisable,
1,keyboard,KBD_UIALERTSTRINGS_PREF,uialertstrings pref,
1,keyboard,KBD_UI_PREFERENCE,ui preference,
1,keyboard,KBD_UNCOND,uncond,
1,keyboard,KBD_UNDO,undo,
1,keyboard,KBD_UNGROUP,ungroup,
1,keyboard,KBD_UNSMOOTH,unsmooth,
1,keyboard,KBD_UPDATEREF,updateref,
1,keyboard,KBD_UPSTACK,upstack,
1,keyboard,KBD_USEELTDEFSFROM,useeltdefsfrom,
1,keyboard,KBD_USEFMTFROM,usefmtfrom,
1,keyboard,KBD_VALIDATE_HYPERTEXT,validate hypertext,
1,keyboard,KBD_VALIDATION,validation,
1,keyboard,KBD_VAL_ALLOW,value allow,
1,keyboard,KBD_VAL_CLEAR,value clear,
1,keyboard,KBD_VAL_DOC,value document,
1,keyboard,KBD_VAL_ELEM,value element,
1,keyboard,KBD_VAL_FLOW,value flow,
1,keyboard,KBD_VAL_IGNORE,value ignore,
1,keyboard,KBD_VAL_IGNORE_ATTR,value ignore attribute,
1,keyboard,KBD_VAL_START,value start,
1,keyboard,KBD_VARCURDATE,varcurdate,
1,keyboard,KBD_VARCURPG,varcurpg,
1,keyboard,KBD_VARIABLE,variable,
1,keyboard,KBD_VAROTHER,varother,
1,keyboard,KBD_VARPGCOUNT,varpgcount,
1,keyboard,KBD_VARQUICK,varquick,
1,keyboard,KBD_VERIFYCONTEXT,verifycontext,
1,keyboard,KBD_VIEWER,viewer,
1,keyboard,KBD_VIEWER_MAKE_DOCUMEN,viewer make documen,
1,keyboard,KBD_VIEWER_MAKE_MODELESS,viewer make modeless,
1,keyboard,KBD_VIEWER_MAKE_PALETTE,viewer make palette,
1,keyboard,KBD_VIEWSEP1,viewsep1,
1,keyboard,KBD_VIEWSEP2,viewsep2,
1,keyboard,KBD_VIEWSEP3,viewsep3,
1,keyboard,KBD_VIEWSEP4,viewsep4,
1,keyboard,KBD_VIEWSEP5,viewsep5,
1,keyboard,KBD_VIEWSEP6,viewsep6,
1,keyboard,KBD_VIEW_API,view api,
1,keyboard,KBD_VIEW_API_SHORTCUT,view api shortcut,
1,keyboard,KBD_VIEW_SWITCH,view switch,
1,keyboard,KBD_VSCROLL,vscroll,
1,keyboard,KBD_WAIT_DLGS,wait dlgs,
1,keyboard,KBD_WIDTH0,width0,
1,keyboard,KBD_WIDTH1,width1,
1,keyboard,KBD_WINDOWFULL_DOWN,windowfull down,
1,keyboard,KBD_WINDOWFULL_UP,windowfull up,
1,keyboard,KBD_WIN_CASCADE,win cascade,
1,keyboard,KBD_WIN_TILE,win tile,
1,keyboard,KBD_WRAPQUICK,wrapquick,
1,keyboard,KBD_XCHARS,xchars,
1,keyboard,KBD_XREFSPOD,xrefspod,
1,keyboard,KBD_XYZZQ,xyzzq,
1,keyboard,KBD_XYZZY,xyzzy,
1,keyboard,KBD_XYZZZ,xyzzz,
1,keyboard,KBD_YANK,yank,
1,keyboard,KBD_ZOOM,zoom,
1,keyboard,KBD_ZOOM100,zoom100,
1,keyboard,KBD_ZOOMIN,zoomin,
1,keyboard,KBD_ZOOMOUT,zoomout,
1,keyboard,KBD_ZOOM_AUTOxxxOM,zoom aut oxxx om,
1,keyboard,KBD_ZOOM_FIT_PAGE,zoom fit page,
1,keyboard,KBD_ZOOM_FIT_TEXTFRAME,zoom fit textframe,
1,keyboard,KBD_ZOOM_FIT_WINDOW,zoom fit window,
1,keyboard,KBD_ZOOM_SET,zoom set,
29,object,FO_Pgf,paragraph,
17,object,FO_Color,color,
14,object,FO_AFrame,a frame,
12,object,FO_Flow,flow,
12,object,FO_TextFrame,text frame,
10,object,FO_Element,element,
10,object,FO_Fn,footnote,
10,object,FO_TiApiClient,text inset api client,
10,object,FO_TiFlow,text inset flow,
10,object,FO_TiText,text inset text,
10,object,FO_TiTextTable,text inset text table,
9,object,FO_RulingFmt,ruling format,
9,object,FO_TextLine,text line,
8,object,FO_Cell,cell,
8,object,FO_ElementDef,element definition,
8,object,FO_SubCol,sub column,
8,object,FO_Tbl,table,
8,object,FO_UnanchoredFrame,unanchored frame,
8,object,FO_XRef,x reference,
7,object,FO_CombinedFontDefn,combined font defn,
7,object,FO_Marker,marker,
7,object,FO_Var,variable,
6,object,FO_CondFmt,condition format,
6,object,FO_Doc,document,
6,object,FO_Group,group,
6,object,FO_MasterPage,master page,
5,object,FO_BodyPage,body page,
5,object,FO_Row,row,
5,object,FO_Rubi,rubi,
4,object,FO_BookComponent,book component,
4,object,FO_FmtChangeList,format change list,
4,object,FO_FmtRule,format rule,
4,object,FO_FmtRuleClause,format rule clause,
4,object,FO_HiddenPage,hidden page,
4,object,FO_Menu,menu,
4,object,FO_Page,page,
4,object,FO_PgfFmt,paragraph format,
4,object,FO_RefPage,reference page,
4,object,FO_TblFmt,table format,
4,object,FO_VarFmt,variable format,
3,object,FO_CharFmt,character format,
3,object,FO_MarkerType,marker type,
3,object,FO_Session,session,
2,object,FO_AttrCondExpr,attribute condition expression,
2,object,FO_Book,book,
2,object,FO_Command,command,
2,object,FO_Graphic,graphic,
2,object,FO_Line,line,
2,object,FO_MenuItemSeparator,menu item separator,
2,object,FO_Rectangle,rectangle,
2,object,FO_XRefFmt,x reference format,
1,object,FO_Alert,alert,
1,object,FO_AnchoredFrame,anchored frame,
1,object,FO_Arc,arc,
1,object,FO_Bad,bad,
1,object,FO_BookID,book id,
1,object,FO_CMSConnection,content management system connection,
1,object,FO_CMSObject,content management system object,
1,object,FO_CMSObject2,content management system object2,
1,object,FO_CMSRegistration,content management system registration,
1,object,FO_CMSSession,content management system session,
1,object,FO_Cblock,cblock,
1,object,FO_CellID,cell id,
1,object,FO_CursorResource,cursor resource,
1,object,FO_DBGroup,db group,
1,object,FO_DialogResource,dialog resource,
1,object,FO_DitaMap,dita map,
1,object,FO_DlgBox,dialog box,
1,object,FO_DlgButton,dialog button,
1,object,FO_DlgCheckBox,dialog check box,
1,object,FO_DlgEditBox,dialog edit box,
1,object,FO_DlgImage,dialog image,
1,object,FO_DlgLabel,dialog label,
1,object,FO_DlgListView,dialog list view,
1,object,FO_DlgPopUp,dialog pop up,
1,object,FO_DlgRadioButton,dialog radio button,
1,object,FO_DlgScrollBar,dialog scroll bar,
1,object,FO_DlgScrollBox,dialog scroll box,
1,object,FO_DlgTriBox,dialog tri box,
1,object,FO_Ellipse,ellipse,
1,object,FO_First_Internal,first internal,
1,object,FO_Frame,frame,
1,object,FO_GraphicsFmt,graphics format,
1,object,FO_Inset,inset,
1,object,FO_Iterator,iterator,
1,object,FO_KeyCatalog,key catalog,
1,object,FO_Last_Graphic,last graphic,
1,object,FO_Last_Internal,last internal,
1,object,FO_Last_Page,last page,
1,object,FO_Math,math,
1,object,FO_MenuCell,menu cell,
1,object,FO_MenuItemSeparat,menu item separat,
1,object,FO_Num,number,
1,object,FO_Polygon,polygon,
1,object,FO_Polyline,polyline,
1,object,FO_RoundRect,round rectangle,
1,object,FO_RowID,row id,
1,object,FO_RulingFmtID,ruling format id,
1,object,FO_StringResource,string resource,
1,object,FO_SubCell,sub cell,
1,object,FO_SubCond,sub condition,
1,object,FO_SubDash,sub dash,
1,object,FO_SubPblock,sub pblock,
1,object,FO_SubStyle,sub style,
1,object,FO_SubTbl,sub table,
1,object,FO_SubTextDef,sub text definition,
1,object,FO_TextInset,text inset,
1,object,FO_UFrame,u frame,
1,object,FO_XLast_Graphic,x last graphic,
1,object,FO_XRefFmtID,x reference format id,
1,object,FO_XrefFmt,cross reference (XREF) format,
3,property,FP_InCond,in condition,
2,property,FP_ActiveDoc,active document,
2,property,FP_BannerTextDisplay,banner text display,
2,property,FP_Capitalization,capitalization,
2,property,FP_CharTag,character tag,
2,property,FP_FlowIsSynchronized,flow is synchronized,
2,property,FP_MainFlowInDoc,main flow in document,
1,property,FP_AFrameIsCropped,a frame is cropped,
1,property,FP_AFrameIsFloating,a frame is floating,
1,property,FP_AcrobatBookmarkDisplayTags,acrobat bookmark display tags,
1,property,FP_AcrobatLevel,acrobat level,
1,property,FP_ActiveAlert,active alert,
1,property,FP_ActiveBook,active book,
1,property,FP_ActiveView,active view,
1,property,FP_AddMarkerTypeToStandardMarkers,add marker type to standard markers,
1,property,FP_AdjHyphens,adj hyphens,
1,property,FP_Alert,alert,
1,property,FP_AlertClientName,alert client name,
1,property,FP_AlertClientUnique,alert client unique,
1,property,FP_AlertString,alert string,
1,property,FP_AlertType,alert type,
1,property,FP_Alignment,alignment,
1,property,FP_AllowAsSpecialCase,allow as special case,
1,property,FP_AllowBaseFamilyBoldedAndObliqued,allow base family bolded and obliqued,
1,property,FP_AllowNewFileURL,allow new file url,
1,property,FP_AllowedDataRange,allowed data range,
1,property,FP_AlsoInsert,also insert,
1,property,FP_AlsoInserts,also inserts,
1,property,FP_AnchorType,anchor type,
1,property,FP_Angle,angle,
1,property,FP_ApplyEOPRules,apply eop rules,
1,property,FP_ApplyFormatRules,apply format rules,
1,property,FP_ArrowBaseAngle,arrow base angle,
1,property,FP_ArrowLength,arrow length,
1,property,FP_ArrowScaleFactor,arrow scale factor,
1,property,FP_ArrowScaleHead,arrow scale head,
1,property,FP_ArrowTipAngle,arrow tip angle,
1,property,FP_ArrowType,arrow type,
1,property,FP_AttrCondExprIsActive,attribute condition expression is active,
1,property,FP_AttrCondExprStr,attribute condition expression string,
1,property,FP_AttrDisplay,attribute display,
1,property,FP_AttributeDefs,attribute defs,
1,property,FP_AttributeValueInvalid,attribute value invalid,
1,property,FP_AttributeValueRequired,attribute value required,
1,property,FP_Attributes,attributes,
1,property,FP_AttributesEx,attributes ex,
1,property,FP_AutoBackup,auto backup,
1,property,FP_AutoChangeBars,auto change bars,
1,property,FP_AutoNumChar,auto number character,
1,property,FP_AutoNumString,auto number string,
1,property,FP_AutoSave,auto save,
1,property,FP_AutoSaveSeconds,auto save seconds,
1,property,FP_BIBGetAddressProc,bib get address proc,
1,property,FP_BannerText,banner text,
1,property,FP_BaseFamily,base family,
1,property,FP_BasePointX,base point x,
1,property,FP_BasePointY,base point y,
1,property,FP_BaselineOffset,baseline offset,
1,property,FP_BkColor,book color,
1,property,FP_BkGndColor,book gnd color,
1,property,FP_Black,black,
1,property,FP_BlockLines,block lines,
1,property,FP_BookComponent,book component,
1,property,FP_BookComponentFileType,book component file type,
1,property,FP_BookComponentIsGeneratable,book component is generatable,
1,property,FP_BookComponentMissing,book component missing,
1,property,FP_BookComponentParent,book component parent,
1,property,FP_BookComponentTitle,book component title,
1,property,FP_BookComponentType,book component type,
1,property,FP_BookDontUpdateReferences,book dont update references,
1,property,FP_BookIsModified,book is modified,
1,property,FP_BookIsSelected,book is selected,
1,property,FP_BookIsViewOnly,book is view only,
1,property,FP_BookParent,book parent,
1,property,FP_BooleanConditionExpressi,boolean condition expressi,
1,property,FP_BooleanConditionExpressionTag,boolean condition expression tag,
1,property,FP_BooleanConditionState,boolean condition state,
1,property,FP_BorderWidth,border width,
1,property,FP_BottomMargin,bottom margin,
1,property,FP_BottomRowSelection,bottom row selection,
1,property,FP_BottomSepAtIndent,bottom separator at indent,
1,property,FP_BottomSeparator,bottom separator,
1,property,FP_Box_BG_Color,box background color,
1,property,FP_CMSItemProperty,content management system item property,
1,property,FP_CMSItemProperty_ItemCheckedOutByCurrentUser,content management system item property item checked out by current user,
1,property,FP_CMSItemProperty_ItemFileType,content management system item property item file type,
1,property,FP_CMSItemProperty_ItemIsCheckedOut,content management system item property item is checked out,
1,property,FP_CMSItemProperty_ItemIsContainer,content management system item property item is container,
1,property,FP_CMSItemProperty_ItemLocalPath,content management system item property item local path,
1,property,FP_CMSItemProperty_ItemNa,content management system item property item na,
1,property,FP_CMSItemProperty_ItemName,content management system item property item name,
1,property,FP_CMSItemProperty_ItemServerPath,content management system item property item server path,
1,property,FP_CMSItemProperty_ItemType,content management system item property item type,
1,property,FP_CMSItemProperty_ItemVersion,content management system item property item version,
1,property,FP_CMSItemProperty_Max,content management system item property max,
1,property,FP_CMSItemProperty_Min,content management system item property min,
1,property,FP_CTFontContext,ct font context,
1,property,FP_CanHaveCheckMark,can have check mark,
1,property,FP_CellAboveInCol,cell above in column,
1,property,FP_CellAngle,cell angle,
1,property,FP_CellBelowInCol,cell below in column,
1,property,FP_CellBelowInTbl,cell below in table,
1,property,FP_CellBottomMargin,cell bottom margin,
1,property,FP_CellBottomMarginChange,cell bottom margin change,
1,property,FP_CellBottomMarginFixed,cell bottom margin fixed,
1,property,FP_CellColNum,cell column number,
1,property,FP_CellDefaultBottomRuling,cell default bottom ruling,
1,property,FP_CellDefaultLeftRuling,cell default left ruling,
1,property,FP_CellDefaultRightRuling,cell default right ruling,
1,property,FP_CellDefaultTopRuling,cell default top ruling,
1,property,FP_CellIsShown,cell is shown,
1,property,FP_CellIsStraddled,cell is straddled,
1,property,FP_CellLeftMargin,cell left margin,
1,property,FP_CellLeftMarginChange,cell left margin change,
1,property,FP_CellLeftMarginFixed,cell left margin fixed,
1,property,FP_CellMarginSpacingDelta,cell margin spacing delta,
1,property,FP_CellMarginsFixed,cell margins fixed,
1,property,FP_CellNumColsStraddled,cell number columns straddled,
1,property,FP_CellNumRowsStraddled,cell number rows straddled,
1,property,FP_CellOverrideBottomRuling,cell override bottom ruling,
1,property,FP_CellOverrideFill,cell override fill,
1,property,FP_CellOverrideLeftRuling,cell override left ruling,
1,property,FP_CellOverrideRightRuling,cell override right ruling,
1,property,FP_CellOverrideShading,cell override shading,
1,property,FP_CellOverrideTopRuling,cell override top ruling,
1,property,FP_CellRightMargin,cell right margin,
1,property,FP_CellRightMarginChange,cell right margin change,
1,property,FP_CellRightMarginFixed,cell right margin fixed,
1,property,FP_CellRow,cell row,
1,property,FP_CellTopMargin,cell top margin,
1,property,FP_CellTopMarginChange,cell top margin change,
1,property,FP_CellTopMarginFixed,cell top margin fixed,
1,property,FP_CellUseOverrideBRuling,cell use override b ruling,
1,property,FP_CellUseOverrideFill,cell use override fill,
1,property,FP_CellUseOverrideLRuling,cell use override l ruling,
1,property,FP_CellUseOverrideRRuling,cell use override r ruling,
1,property,FP_CellUseOverrideShading,cell use override shading,
1,property,FP_CellUseOverrideTRuling,cell use override t ruling,
1,property,FP_CellVAlignment,cell v alignment,
1,property,FP_ChangeBar,change bar,
1,property,FP_ChangeBarColor,change bar color,
1,property,FP_ChangeBarDistance,change bar distance,
1,property,FP_ChangeBarPosition,change bar position,
1,property,FP_ChangeBarThickness,change bar thickness,
1,property,FP_ChapNumComputeMethod,chap number compute method,
1,property,FP_ChapterNumStyle,chapter number style,
1,property,FP_ChapterNumText,chapter number text,
1,property,FP_ChapterNumber,chapter number,
1,property,FP_CheckMarkIsOn,check mark is on,
1,property,FP_ColGap,column gap,
1,property,FP_ColGapWidth,column gap width,
1,property,FP_Color,color,
1,property,FP_ColorOverprint,color overprint,
1,property,FP_ColorPrintCtl,color print ctl,
1,property,FP_ColorTintPercent,color tint percent,
1,property,FP_ColorViewCtl,color view ctl,
1,property,FP_ColumnsAreBalanced,columns are balanced,
1,property,FP_CombinedFontFamily,combined font family,
1,property,FP_CommandNum,command number,
1,property,FP_Comment,comment,
1,property,FP_ComponentDisplayText,component display text,
1,property,FP_ComponentElement,component element,
1,property,FP_ComponentIsDitaMap,component is dita map,
1,property,FP_ComponentIsSelected,component is selected,
1,property,FP_ComponentType,component type,
1,property,FP_CondFmtIsShown,condition format is shown,
1,property,FP_ContentHeight,content height,
1,property,FP_ContentIsLooselyValid,content is loosely valid,
1,property,FP_ContentIsStrictlyValid,content is strictly valid,
1,property,FP_ContentMustBeEmpty,content must be empty,
1,property,FP_ContentNeededAtBegin,content needed at begin,
1,property,FP_ContentNeededAtEnd,content needed at end,
1,property,FP_ContextForCSS,context for css,
1,property,FP_ContextLabel,context label,
1,property,FP_CorrespondingXmlPath,corresponding xml path,
1,property,FP_CountElements,count elements,
1,property,FP_CurrentDoc,current document,
1,property,FP_CurrentInset,current inset,
1,property,FP_CurrentMenuSet,current menu set,
1,property,FP_CurrentPage,current page,
1,property,FP_CursorData,cursor data,
1,property,FP_CursorTypes,cursor types,
1,property,FP_CustomDelimiter,custom delimiter,
1,property,FP_CustomElementList,custom element list,
1,property,FP_Cyan,cyan,
1,property,FP_DTheta,d theta,
1,property,FP_Dash,dash,
1,property,FP_Db,db,
1,property,FP_DbAttributes,db attributes,
1,property,FP_DbCancelButton,db cancel button,
1,property,FP_DbCheckBoxState,db check box state,
1,property,FP_DbDefaultButton,db default button,
1,property,FP_DbEditable,db editable,
1,property,FP_DbFbCurrentDir,db fb current dir,
1,property,FP_DbFbScrollBox,db fb scroll box,
1,property,FP_DbFbStatus,db fb status,
1,property,FP_DbFbTextBox,db fb text box,
1,property,FP_DbFirstFocus,db first focus,
1,property,FP_DbIdentifier,db identifier,
1,property,FP_DbItemNum,db item number,
1,property,FP_DbNoHelp,db no help,
1,property,FP_DbOKButton,db ok button,
1,property,FP_DbRadioButtonGroup,db radio button group,
1,property,FP_DbSbxNumLines,db sbx number lines,
1,property,FP_DbStuffItem,db stuff item,
1,property,FP_DbTitleLabel,db title label,
1,property,FP_DbType,db type,
1,property,FP_DbVarLabelWidth,db variable label width,
1,property,FP_DefaultExclusions,default exclusions,
1,property,FP_DefaultFontAngle,default font angle,
1,property,FP_DefaultFontFamily,default font family,
1,property,FP_DefaultFontVariation,default font variation,
1,property,FP_DefaultFontWeight,default font weight,
1,property,FP_DefaultInclusions,default inclusions,
1,property,FP_DefaultKeyCatalog,default key catalog,
1,property,FP_DescriptiveTag,descriptive tag,
1,property,FP_DesktopHeight,desktop height,
1,property,FP_DesktopWidth,desktop width,
1,property,FP_DesktopX,desktop x,
1,property,FP_DesktopY,desktop y,
1,property,FP_DialogEncodingName,dialog encoding name,
1,property,FP_Dictionary,dictionary,
1,property,FP_DirectOLESupportInXml,direct ole support in xml,
1,property,FP_DisableAutofitAfterZoom,disable autofit after zoom,
1,property,FP_DisplayName,display name,
1,property,FP_Displaying,displaying,
1,property,FP_DitaMode,dita mode,
1,property,FP_DoNotExportInvalidXML,do not export invalid xml,
1,property,FP_DoNotGenerateErrorLog,do not generate error log,
1,property,FP_DoPostXSLTValidationOnExport,do post xslt validation on export,
1,property,FP_DocAcrobatDefaultsChanged,document acrobat defaults changed,
1,property,FP_DocAcrobatElementList,document acrobat element list,
1,property,FP_DocAcrobatElements,document acrobat elements,
1,property,FP_DocAcrobatNoArticleThreads,document acrobat no article threads,
1,property,FP_DocFluidFlow,document fluid flow,
1,property,FP_DocIsDoubleSided,document is double sided,
1,property,FP_DocIsHelp,document is help,
1,property,FP_DocIsModified,document is modified,
1,property,FP_DocIsStructuredDummy,document is structured dummy,
1,property,FP_DocIsViewOnly,document is view only,
1,property,FP_DocIsViewOnlyWinPalette,document is view only win palette,
1,property,FP_DocOpenClientEncounteredErrors,document open client encountered errors,
1,property,FP_DocOpenType,document open type,
1,property,FP_DocSaveFormat,document save format,
1,property,FP_DocSaveType,document save type,
1,property,FP_DocSequenceLevel,document sequence level,
1,property,FP_DockDialog,dock dialog,
1,property,FP_DontShowWelcomeScreen,dont show welcome screen,
1,property,FP_DontUpdateTextInsets,dont update text insets,
1,property,FP_DontUpdateXRefs,dont update x refs,
1,property,FP_DoubleClick,double click,
1,property,FP_DownloadFonts,download fonts,
1,property,FP_ElemPrefixSuffix,element prefix suffix,
1,property,FP_Element,element,
1,property,FP_ElementBoundaryDisplay,element boundary display,
1,property,FP_ElementCatalog,element catalog,
1,property,FP_ElementCatalogDisplay,element catalog display,
1,property,FP_ElementDataType,element data type,
1,property,FP_ElementDef,element definition,
1,property,FP_ElementDefType,element definition type,
1,property,FP_ElementDescription,element description,
1,property,FP_ElementInCatalog,element in catalog,
1,property,FP_ElementIsCollapsed,element is collapsed,
1,property,FP_ElementIsExcludedInContext,element is excluded in context,
1,property,FP_ElementIsInvalidInParent,element is invalid in parent,
1,property,FP_ElementIsInvalidInPosition,element is invalid in position,
1,property,FP_ElementIsTopicGroup,element is topic group,
1,property,FP_ElementIsTopicHead,element is topic head,
1,property,FP_ElementIsTopicRef,element is topic reference,
1,property,FP_ElementIsUndefined,element is undefined,
1,property,FP_ElementPgfFormat,element paragraph format,
1,property,FP_ElementSelection,element selection,
1,property,FP_ElementType,element type,
1,property,FP_ElementTypeMismatch,element type mismatch,
1,property,FP_EnableAutoSpellCheck,enable auto spell check,
1,property,FP_EnabledWhen,enabled when,
1,property,FP_EqnIntegralSizeLarge,equation integral size large,
1,property,FP_EqnIntegralSizeMed,equation integral size med,
1,property,FP_EqnIntegralSizeSmall,equation integral size small,
1,property,FP_EqnLevel1SizeLarge,equation level1 size large,
1,property,FP_EqnLevel1SizeMed,equation level1 size med,
1,property,FP_EqnLevel1SizeSmall,equation level1 size small,
1,property,FP_EqnLevel2SizeLarge,equation level2 size large,
1,property,FP_EqnLevel2SizeMed,equation level2 size med,
1,property,FP_EqnLevel2SizeSmall,equation level2 size small,
1,property,FP_EqnLevel3SizeLarge,equation level3 size large,
1,property,FP_EqnLevel3SizeMed,equation level3 size med,
1,property,FP_EqnLevel3SizeSmall,equation level3 size small,
1,property,FP_EqnSigmaSizeLarge,equation sigma size large,
1,property,FP_EqnSigmaSizeMed,equation sigma size med,
1,property,FP_EqnSigmaSizeSmall,equation sigma size small,
1,property,FP_ErrorInBookComponent,error in book component,
1,property,FP_ExcludeBookComponent,exclude book component,
1,property,FP_Exclusions,exclusions,
1,property,FP_ExpandOMaticParent,expand o matic parent,
1,property,FP_ExportFilters,export filters,
1,property,FP_ExtractElementTags,extract element tags,
1,property,FP_ExtractTags,extract tags,
1,property,FP_FMConsoleString,fm console string,
1,property,FP_FMInterfaceEncodingName,fm interface encoding name,
1,property,FP_FM_BinDir,fm bin dir,
1,property,FP_FM_CurrentDir,fm current dir,
1,property,FP_FM_HelpDir,fm help dir,
1,property,FP_FM_HomeDir,fm home dir,
1,property,FP_FM_InitDir,fm initialize dir,
1,property,FP_FM_SgmlDir,fm sgml dir,
1,property,FP_FM_StructureDir,fm structure dir,
1,property,FP_FM_XmlDir,fm xml dir,
1,property,FP_FamilyName,family name,
1,property,FP_Fcode,fcode,
1,property,FP_Fcodes,fcodes,
1,property,FP_FileExtensionOverride,file extension override,
1,property,FP_FileInfoPacket,file info packet,
1,property,FP_Fill,fill,
1,property,FP_FirstAFrame,first a frame,
1,property,FP_FirstAttrCondExprInDoc,first attribute condition expression in document,
1,property,FP_FirstBodyPageInDoc,first body page in document,
1,property,FP_FirstCell,first cell,
1,property,FP_FirstCellInRow,first cell in row,
1,property,FP_FirstCharFmtInDoc,first character format in document,
1,property,FP_FirstChildElement,first child element,
1,property,FP_FirstColorInDoc,first color in document,
1,property,FP_FirstCombinedFontDefnInDoc,first combined font defn in document,
1,property,FP_FirstCommandInSession,first command in session,
1,property,FP_FirstComponentInBook,first component in book,
1,property,FP_FirstComponentInBookComponent,first component in book component,
1,property,FP_FirstCondFmtInDoc,first condition format in document,
1,property,FP_FirstDITALinkElementInDoc,first dita link element in document,
1,property,FP_FirstDITATopicsetrefElementInDoc,first dita topicsetref element in document,
1,property,FP_FirstDITAXrefElementInDoc,first dita cross reference (XREF) element in document,
1,property,FP_FirstElementDefInDoc,first element definition in document,
1,property,FP_FirstFlowInDoc,first flow in document,
1,property,FP_FirstFmtChangeListInDoc,first format change list in document,
1,property,FP_FirstFn,first footnote,
1,property,FP_FirstFnInDoc,first footnote in document,
1,property,FP_FirstGraphicInDoc,first graphic in document,
1,property,FP_FirstGraphicInFrame,first graphic in frame,
1,property,FP_FirstGraphicInGroup,first graphic in group,
1,property,FP_FirstGraphicsFmtInDoc,first graphics format in document,
1,property,FP_FirstIndentChange,first indent change,
1,property,FP_FirstIndentIsRelative,first indent is relative,
1,property,FP_FirstIndentRelPos,first indent rel position,
1,property,FP_FirstKeyCatalogInSession,first key catalog in session,
1,property,FP_FirstMarkerInDoc,first marker in document,
1,property,FP_FirstMarkerTypeInDoc,first marker type in document,
1,property,FP_FirstMasterPageInDoc,first master page in document,
1,property,FP_FirstMenuItemInMenu,first menu item in menu,
1,property,FP_FirstMenuItemInSession,first menu item in session,
1,property,FP_FirstOpenBook,first open book,
1,property,FP_FirstOpenDoc,first open document,
1,property,FP_FirstPageNum,first page number,
1,property,FP_FirstPageVerso,first page verso,
1,property,FP_FirstPgf,first paragraph,
1,property,FP_FirstPgfFmtInDoc,first paragraph format in document,
1,property,FP_FirstPgfInDoc,first paragraph in document,
1,property,FP_FirstPgfRules,first paragraph rules,
1,property,FP_FirstRefPageInDoc,first reference page in document,
1,property,FP_FirstRowInTbl,first row in table,
1,property,FP_FirstRubiInDoc,first rubi in document,
1,property,FP_FirstRulingFmtInDoc,first ruling format in document,
1,property,FP_FirstSelectedGraphicInDoc,first selected graphic in document,
1,property,FP_FirstSelectedTiInDoc,first selected text inset in document,
1,property,FP_FirstSubCol,first sub column,
1,property,FP_FirstTblFmtInDoc,first table format in document,
1,property,FP_FirstTblInDoc,first table in document,
1,property,FP_FirstTextFrameInFlow,first text frame in flow,
1,property,FP_FirstTiInDoc,first text inset in document,
1,property,FP_FirstVarFmtInDoc,first variable format in document,
1,property,FP_FirstVarInDoc,first variable in document,
1,property,FP_FirstVis,first vis,
1,property,FP_FirstXRefFmtInDoc,first x reference format in document,
1,property,FP_FirstXRefInDoc,first x reference in document,
1,property,FP_Flow,flow,
1,property,FP_FlowIsAutoConnect,flow is auto connect,
1,property,FP_FlowIsFeathered,flow is feathered,
1,property,FP_FlowIsPostScript,flow is post script,
1,property,FP_Fmt,format,
1,property,FP_FmtChangeList,format change list,
1,property,FP_FmtChangeListInCatalog,format change list in catalog,
1,property,FP_FmtChangeListTag,format change list tag,
1,property,FP_FmtRule,format rule,
1,property,FP_FmtRuleClause,format rule clause,
1,property,FP_FmtRuleClauses,format rule clauses,
1,property,FP_FmtRuleType,format rule type,
1,property,FP_FnAnchorString,footnote anchor string,
1,property,FP_FnCustNumString,footnote cust number string,
1,property,FP_FnFirstNum,footnote first number,
1,property,FP_FnFmt,footnote format,
1,property,FP_FnHeightPerCol,footnote height per column,
1,property,FP_FnInstancePosition,footnote instance position,
1,property,FP_FnInstancePrefix,footnote instance prefix,
1,property,FP_FnInstanceSuffix,footnote instance suffix,
1,property,FP_FnNum,footnote number,
1,property,FP_FnNumComputeMethod,footnote number compute method,
1,property,FP_FnNumStyle,footnote number style,
1,property,FP_FnNumberingPerPage,footnote numbering per page,
1,property,FP_FnRefPosition,footnote reference position,
1,property,FP_FnRefPrefix,footnote reference prefix,
1,property,FP_FnRefSuffix,footnote reference suffix,
1,property,FP_Focus,focus,
1,property,FP_FontAngle,font angle,
1,property,FP_FontAngleNames,font angle names,
1,property,FP_FontEncodingName,font encoding name,
1,property,FP_FontFamily,font family,
1,property,FP_FontFamilyAttributes,font family attributes,
1,property,FP_FontFamilyFullNames,font family full names,
1,property,FP_FontFamilyNames,font family names,
1,property,FP_FontPanoseName,font panose name,
1,property,FP_FontPlatformName,font platform name,
1,property,FP_FontPostScriptName,font post script name,
1,property,FP_FontSize,font size,
1,property,FP_FontSizeChange,font size change,
1,property,FP_FontVariation,font variation,
1,property,FP_FontVariationNames,font variation names,
1,property,FP_FontWeight,font weight,
1,property,FP_FontWeightNames,font weight names,
1,property,FP_FormatOverride,format override,
1,property,FP_FormatTag,format tag,
1,property,FP_FrameParent,frame parent,
1,property,FP_Functions,functions,
1,property,FP_GeneralRule,general rule,
1,property,FP_GeneralRuleErrorOffsets,general rule error offsets,
1,property,FP_GenerateAcrobatInfo,generate acrobat info,
1,property,FP_GenerateInclude,generate include,
1,property,FP_GraphicCantBeSelected,graphic cant be selected,
1,property,FP_GraphicIsButton,graphic is button,
1,property,FP_GraphicIsSelected,graphic is selected,
1,property,FP_Gravity,gravity,
1,property,FP_GreekSize,greek size,
1,property,FP_GroupDialog,group dialog,
1,property,FP_GroupParent,group parent,
1,property,FP_HasShiftOrUnshiftCommand,has shift or unshift command,
1,property,FP_HeadArrow,head arrow,
1,property,FP_Height,height,
1,property,FP_HelpLink,help link,
1,property,FP_HelpPending,help pending,
1,property,FP_HiddenPage,hidden page,
1,property,FP_HighestLevelElement,highest level element,
1,property,FP_HoleAtEnd,hole at end,
1,property,FP_HoleBeforeElement,hole before element,
1,property,FP_HorizontalSpreadLarge,horizontal spread large,
1,property,FP_HorizontalSpreadMed,horizontal spread med,
1,property,FP_HorizontalSpreadSmall,horizontal spread small,
1,property,FP_HostName,host name,
1,property,FP_HotspotCmdStr,hotspot command string,
1,property,FP_HotspotTitle,hotspot title,
1,property,FP_Hypertext,hypertext,
1,property,FP_HypertextCommandText,hypertext command text,
1,property,FP_HypertextDoValidate,hypertext do validate,
1,property,FP_HypertextParseBadParam,hypertext parse bad parameter,
1,property,FP_HypertextParseErr,hypertext parse err,
1,property,FP_HypertextParseErrMsg,hypertext parse err msg,
1,property,FP_HypertextParsedArgs,hypertext parsed args,
1,property,FP_HypertextParsedClientNa,hypertext parsed client na,
1,property,FP_HypertextParsedCmdCode,hypertext parsed command code,
1,property,FP_HypertextParsedCmdDest,hypertext parsed command dest,
1,property,FP_HypertextParsedCmdMatrixColumns,hypertext parsed command matrix columns,
1,property,FP_HypertextParsedCmdMatrixRows,hypertext parsed command matrix rows,
1,property,FP_HypertextParsedDIFileNa,hypertext parsed di file na,
1,property,FP_HypertextParsedFlowName,hypertext parsed flow name,
1,property,FP_HypertextParsedLinkName,hypertext parsed link name,
1,property,FP_HypertextParsedMessage,hypertext parsed message,
1,property,FP_HypertextParsedPageName,hypertext parsed page name,
1,property,FP_HypertextParsedRangeNa,hypertext parsed range na,
1,property,FP_HypertextParsedTitle,hypertext parsed title,
1,property,FP_HypertextValidateErr,hypertext validate err,
1,property,FP_HyphMinPrefix,hyph min prefix,
1,property,FP_HyphMinSuffix,hyph min suffix,
1,property,FP_HyphMinWord,hyph min word,
1,property,FP_Hyphenate,hyphenate,
1,property,FP_I,i,
1,property,FP_IDAttrValue,id attribute value,
1,property,FP_INSETinfo,inse tinfo,
1,property,FP_Icon,icon,
1,property,FP_IconBarOn,icon bar on,
1,property,FP_ImportFilters,import filters,
1,property,FP_ImportFmtInclude,import format include,
1,property,FP_ImportHint,import hint,
1,property,FP_InTableSortOperation,in table sort operation,
1,property,FP_InTextFrame,in text frame,
1,property,FP_InTextObj,in text object,
1,property,FP_InTextObjact,in text objact,
1,property,FP_Inclusions,inclusions,
1,property,FP_IncrVal,incr value,
1,property,FP_InitStructurePattern,initialize structure pattern,
1,property,FP_InkName,ink name,
1,property,FP_InsertLinks,insert links,
1,property,FP_InsetCuePointList,inset cue point list,
1,property,FP_InsetDpi,inset dots per inch,
1,property,FP_InsetEditor,inset editor,
1,property,FP_InsetFile,inset file,
1,property,FP_InsetFileOrigName,inset file orig name,
1,property,FP_InsetGenericData,inset generic data,
1,property,FP_InsetGfxActiveInPdf,inset graphic active in pdf,
1,property,FP_InsetGfxName,inset graphic name,
1,property,FP_InsetGfxPlayWindowInPdf,inset graphic play window in pdf,
1,property,FP_InsetIsFixedSize,inset is fixed size,
1,property,FP_InsetIsFlippedSideways,inset is flipped sideways,
1,property,FP_InsetIsInverted,inset is inverted,
1,property,FP_InsetJavaScriptAttached,inset java script attached,
1,property,FP_InsetJavaScriptFile,inset java script file,
1,property,FP_InsetLinkToText,inset link to text,
1,property,FP_InsetMonikerFilePath,inset moniker file path,
1,property,FP_InsetMonikerPath,inset moniker path,
1,property,FP_InsetPosterFile,inset poster file,
1,property,FP_InsetPosterFileOrigName,inset poster file orig name,
1,property,FP_InsetPosterIsExternal,inset poster is external,
1,property,FP_InsetRasterDpi,inset raster dots per inch,
1,property,FP_InsetSaveDIBFacetToFile,inset save dib facet to file,
1,property,FP_InsetSaveFacetToFile,inset save facet to file,
1,property,FP_InsetU3dAnimationList,inset u3d animation list,
1,property,FP_InsetU3dPartList,inset u3d part list,
1,property,FP_InsetU3dViewList,inset u3d view list,
1,property,FP_InsetURL,inset url,
1,property,FP_InsetUpdater,inset updater,
1,property,FP_InvalidHighestLevel,invalid highest level,
1,property,FP_InvariantName,invariant name,
1,property,FP_IsDefault,is default,
1,property,FP_IsDialogDocked,is dialog docked,
1,property,FP_IsDialogVisible,is dialog visible,
1,property,FP_IsDitamapInResourceManager,is ditamap in resource manager,
1,property,FP_IsDocDita,is document dita,
1,property,FP_IsDocDitamap,is document ditamap,
1,property,FP_IsFMRunningAsServer,is fm running as server,
1,property,FP_IsFMRunningInTrialPeriod,is fm running in trial period,
1,property,FP_IsFateRun,is fate run,
1,property,FP_IsHotspot,is hotspot,
1,property,FP_IsIconified,is iconified,
1,property,FP_IsInFront,is in front,
1,property,FP_IsOnScreen,is on screen,
1,property,FP_IsStale,is stale,
1,property,FP_IsTechnicalSuiteLicensed,is technical suite licensed,
1,property,FP_IsTempOpenSave,is temp open save,
1,property,FP_IsTextRange,is text range,
1,property,FP_KByteAllocationSize,k byte allocation size,
1,property,FP_KeepWithNext,keep with next,
1,property,FP_KeepWithPrev,keep with previous,
1,property,FP_KernX,kern x,
1,property,FP_KernY,kern y,
1,property,FP_KeyCatalog,key catalog,
1,property,FP_KeyCatalogClientName,key catalog client name,
1,property,FP_KeyCatalogType,key catalog type,
1,property,FP_KeyCatalogWorkflow,key catalog workflow,
1,property,FP_KeyCount,key count,
1,property,FP_KeyboardShortcutLabel,keyboard shortcut label,
1,property,FP_KeyboardShortcuts,keyboard shortcuts,
1,property,FP_Label,label,
1,property,FP_LabelBold,label bold,
1,property,FP_LabelColor,label color,
1,property,FP_Labels,labels,
1,property,FP_Language,language,
1,property,FP_LastAFrame,last a frame,
1,property,FP_LastBodyPageInDoc,last body page in document,
1,property,FP_LastCell,last cell,
1,property,FP_LastChildElement,last child element,
1,property,FP_LastFn,last footnote,
1,property,FP_LastGraphicInFrame,last graphic in frame,
1,property,FP_LastGraphicInGroup,last graphic in group,
1,property,FP_LastMasterPageInDoc,last master page in document,
1,property,FP_LastPgf,last paragraph,
1,property,FP_LastPgfRules,last paragraph rules,
1,property,FP_LastRefPageInDoc,last reference page in document,
1,property,FP_LastRowInTbl,last row in table,
1,property,FP_LastSubCol,last sub column,
1,property,FP_LastTextFrameInFlow,last text frame in flow,
1,property,FP_LastUpdate,last update,
1,property,FP_Leading,leading,
1,property,FP_LeadingChange,leading change,
1,property,FP_LeftColNum,left column number,
1,property,FP_LeftIndent,left indent,
1,property,FP_LeftIndentChange,left indent change,
1,property,FP_LeftMargin,left margin,
1,property,FP_LeftMasterPage,left master page,
1,property,FP_LetterSpace,letter space,
1,property,FP_LineAscent,line ascent,
1,property,FP_LineBaseline,line baseline,
1,property,FP_LineBreakAfter,line break after,
1,property,FP_LineCap,line cap,
1,property,FP_LineDescent,line descent,
1,property,FP_LineNum,line number,
1,property,FP_LineNumColor,line number color,
1,property,FP_LineNumDistance,line number distance,
1,property,FP_LineNumFont,line number font,
1,property,FP_LineNumRestart,line number restart,
1,property,FP_LineNumShow,line number show,
1,property,FP_LineNumSize,line number size,
1,property,FP_LineSpacing,line spacing,
1,property,FP_LineSpacingFactor,line spacing factor,
1,property,FP_LineSpacingFixed,line spacing fixed,
1,property,FP_LocX,location x,
1,property,FP_LocY,location y,
1,property,FP_Locked,locked,
1,property,FP_Magenta,magenta,
1,property,FP_MagicMarker,magic marker,
1,property,FP_MarkerNames,marker names,
1,property,FP_MarkerText,marker text,
1,property,FP_MarkerTypeId,marker type id,
1,property,FP_MarkerTypeNames,marker type names,
1,property,FP_MasterPage,master page,
1,property,FP_MatchesContextInUserString,matches context in user string,
1,property,FP_MatchingFirstPgfClauses,matching first paragraph clauses,
1,property,FP_MatchingLastPgfClauses,matching last paragraph clauses,
1,property,FP_MatchingObjectClauses,matching object clauses,
1,property,FP_MatchingPrefixClauses,matching prefix clauses,
1,property,FP_MatchingSuffixClauses,matching suffix clauses,
1,property,FP_MatchingTextClauses,matching text clauses,
1,property,FP_MathFullForm,math full form,
1,property,FP_MathSize,math size,
1,property,FP_MaxBottomMargin,max bottom margin,
1,property,FP_MaxFirstIndent,max first indent,
1,property,FP_MaxFontSize,max font size,
1,property,FP_MaxInterPgfPadding,max inter paragraph padding,
1,property,FP_MaxInterlinePadding,max interline padding,
1,property,FP_MaxJLetSpace,max j let space,
1,property,FP_MaxJRomSpace,max j rom space,
1,property,FP_MaxLeading,max leading,
1,property,FP_MaxLeftIndent,max left indent,
1,property,FP_MaxLeftMargin,max left margin,
1,property,FP_MaxRightIndent,max right indent,
1,property,FP_MaxRightMargin,max right margin,
1,property,FP_MaxSize,max size,
1,property,FP_MaxSpace,max space,
1,property,FP_MaxSpaceAbove,max space above,
1,property,FP_MaxSpaceBelow,max space below,
1,property,FP_MaxSpread,max spread,
1,property,FP_MaxStretch,max stretch,
1,property,FP_MaxTabPosition,max tab position,
1,property,FP_MaxTopMargin,max top margin,
1,property,FP_MaxVal,max value,
1,property,FP_MenuBar,menu bar,
1,property,FP_MenuItemIsEnabled,menu item is enabled,
1,property,FP_MenuItemType,menu item type,
1,property,FP_MenuType,menu type,
1,property,FP_Mif8bitOutput,mif8bit output,
1,property,FP_MifFileEntity,mif file entity,
1,property,FP_MifFileName,mif file name,
1,property,FP_MifFileOrigFormat,mif file orig format,
1,property,FP_MinBottomMargin,min bottom margin,
1,property,FP_MinFirstIndent,min first indent,
1,property,FP_MinFontSize,min font size,
1,property,FP_MinHang,min hang,
1,property,FP_MinJLetSpace,min j let space,
1,property,FP_MinJRomSpace,min j rom space,
1,property,FP_MinLeading,min leading,
1,property,FP_MinLeftIndent,min left indent,
1,property,FP_MinLeftMargin,min left margin,
1,property,FP_MinRightIndent,min right indent,
1,property,FP_MinRightMargin,min right margin,
1,property,FP_MinSize,min size,
1,property,FP_MinSpace,min space,
1,property,FP_MinSpaceAbove,min space above,
1,property,FP_MinSpaceBelow,min space below,
1,property,FP_MinSpread,min spread,
1,property,FP_MinStretch,min stretch,
1,property,FP_MinTabPosition,min tab position,
1,property,FP_MinTopMargin,min top margin,
1,property,FP_MinVal,min value,
1,property,FP_Mode,mode,
1,property,FP_MoveTabs,move tabs,
1,property,FP_Name,name,
1,property,FP_Namespace,namespace,
1,property,FP_NamespaceScope,namespace scope,
1,property,FP_NarrowRubiSpaceForJapanese,narrow rubi space for japanese,
1,property,FP_NarrowRubiSpaceForOther,narrow rubi space for other,
1,property,FP_NewElemAttrDisplay,new element attribute display,
1,property,FP_NewElemAttrEditing,new element attribute editing,
1,property,FP_NextAFrame,next a frame,
1,property,FP_NextAttrCondExprInDoc,next attribute condition expression in document,
1,property,FP_NextCell,next cell,
1,property,FP_NextCellInRow,next cell in row,
1,property,FP_NextCellInTbl,next cell in table,
1,property,FP_NextCharFmtInDoc,next character format in document,
1,property,FP_NextColorInDoc,next color in document,
1,property,FP_NextCommandInSession,next command in session,
1,property,FP_NextComponentInBook,next component in book,
1,property,FP_NextCondFmtInDoc,next condition format in document,
1,property,FP_NextDITALinkElementInDoc,next dita link element in document,
1,property,FP_NextDITATopicrefElementInDoc,next dita topicref element in document,
1,property,FP_NextDITATopicsetrefElementInDoc,next dita topicsetref element in document,
1,property,FP_NextDITAXrefElementInDoc,next dita cross reference (XREF) element in document,
1,property,FP_NextElementDFS,next element depth first search,
1,property,FP_NextElementDefInDoc,next element definition in document,
1,property,FP_NextFlowInDoc,next flow in document,
1,property,FP_NextFmtChangeListInDoc,next format change list in document,
1,property,FP_NextFn,next footnote,
1,property,FP_NextFnInDoc,next footnote in document,
1,property,FP_NextGraphicInDoc,next graphic in document,
1,property,FP_NextGraphicInFrame,next graphic in frame,
1,property,FP_NextGraphicInGroup,next graphic in group,
1,property,FP_NextGraphicsFmtInDoc,next graphics format in document,
1,property,FP_NextInvalidElement,next invalid element,
1,property,FP_NextKeyCatalogInSession,next key catalog in session,
1,property,FP_NextMarkerInDoc,next marker in document,
1,property,FP_NextMarkerTypeInDoc,next marker type in document,
1,property,FP_NextMenuItemInMenu,next menu item in menu,
1,property,FP_NextMenuItemInSession,next menu item in session,
1,property,FP_NextOpenBookInSession,next open book in session,
1,property,FP_NextOpenDocInSession,next open document in session,
1,property,FP_NextPgfFmtInDoc,next paragraph format in document,
1,property,FP_NextPgfInDoc,next paragraph in document,
1,property,FP_NextPgfInFlow,next paragraph in flow,
1,property,FP_NextRowInTbl,next row in table,
1,property,FP_NextRubiInDoc,next rubi in document,
1,property,FP_NextRulingFmtInDoc,next ruling format in document,
1,property,FP_NextSelectedGraphicInDoc,next selected graphic in document,
1,property,FP_NextSiblingElement,next sibling element,
1,property,FP_NextSubCol,next sub column,
1,property,FP_NextTag,next tag,
1,property,FP_NextTblFmtInDoc,next table format in document,
1,property,FP_NextTblInDoc,next table in document,
1,property,FP_NextTextFrameInFlow,next text frame in flow,
1,property,FP_NextTiInDoc,next text inset in document,
1,property,FP_NextVarFmtInDoc,next variable format in document,
1,property,FP_NextVarInDoc,next variable in document,
1,property,FP_NextXRefFmtInDoc,next x reference format in document,
1,property,FP_NextXRefInDoc,next x reference in document,
1,property,FP_No3DInPDF,no3 d in pdf,
1,property,FP_NoFlashInPDF,no flash in pdf,
1,property,FP_NoMultiMediaInPDF,no multi media in pdf,
1,property,FP_NotLoaded,not loaded,
1,property,FP_NumAtEnd,number at end,
1,property,FP_NumCols,number columns,
1,property,FP_NumColumns,number columns,
1,property,FP_NumItems,number items,
1,property,FP_NumLines,number lines,
1,property,FP_NumNamespaces,number namespaces,
1,property,FP_NumPoints,number points,
1,property,FP_NumTabs,number tabs,
1,property,FP_Numbers,numbers,
1,property,FP_Object,object,
1,property,FP_ObjectAttributes,object attributes,
1,property,FP_ObjectFmtRules,object format rules,
1,property,FP_OldTypeNum,old type number,
1,property,FP_OpenAndSaveXmlBookComponentDoc,open and save xml book component document,
1,property,FP_OpenDir,open dir,
1,property,FP_OperatingSystem,operating system,
1,property,FP_OptJLetSpace,opt j let space,
1,property,FP_OptJRomSpace,opt j rom space,
1,property,FP_OptSpace,opt space,
1,property,FP_OrphanRows,orphan rows,
1,property,FP_Outline,outline,
1,property,FP_Overflowed,overflowed,
1,property,FP_Overline,overline,
1,property,FP_Overprint,overprint,
1,property,FP_OyamojiTextRange,oyamoji text range,
1,property,FP_PDFAllNamedDestinations,pdf all named destinations,
1,property,FP_PDFBookmark,pdf bookmark,
1,property,FP_PDFBookmarksOpenLevel,pdf bookmarks open level,
1,property,FP_PDFConvertCMYKtoRGB,pdf convert cmy kto rgb,
1,property,FP_PDFDestsMarked,pdf dests marked,
1,property,FP_PDFDistillerAbsent,pdf distiller absent,
1,property,FP_PDFDocInfo,pdf document info,
1,property,FP_PDFEndPage,pdf end page,
1,property,FP_PDFGenerateForReview,pdf generate for review,
1,property,FP_PDFJobOption,pdf job option,
1,property,FP_PDFJobOptionsAbsent,pdf job options absent,
1,property,FP_PDFOpenPage,pdf open page,
1,property,FP_PDFPageHeight,pdf page height,
1,property,FP_PDFPageNum,pdf page number,
1,property,FP_PDFPageWidth,pdf page width,
1,property,FP_PDFPrintPageRange,pdf print page range,
1,property,FP_PDFRegistrationMarks,pdf registration marks,
1,property,FP_PDFSeparateFiles,pdf separate files,
1,property,FP_PDFStartPage,pdf start page,
1,property,FP_PDFStructure,pdf structure,
1,property,FP_PDFStructureLevel,pdf structure level,
1,property,FP_PDFViewPDF,pdf view pdf,
1,property,FP_PDFZoomFactor,pdf zoom factor,
1,property,FP_PDFZoomType,pdf zoom type,
1,property,FP_PageBackground,page background,
1,property,FP_PageFrame,page frame,
1,property,FP_PageFramePage,page frame page,
1,property,FP_PageHeight,page height,
1,property,FP_PageIsRecto,page is recto,
1,property,FP_PageNext,page next,
1,property,FP_PageNum,page number,
1,property,FP_PageNumComputeMethod,page number compute method,
1,property,FP_PageNumString,page number string,
1,property,FP_PageNumStyle,page number style,
1,property,FP_PagePrefix,page prefix,
1,property,FP_PagePrev,page previous,
1,property,FP_PageRounding,page rounding,
1,property,FP_PageSide,page side,
1,property,FP_PageSuffix,page suffix,
1,property,FP_PageWidth,page width,
1,property,FP_PairKern,pair kern,
1,property,FP_Pantone,pantone,
1,property,FP_ParentElement,parent element,
1,property,FP_ParentTextFrame,parent text frame,
1,property,FP_ParseFullSpecification,parse full specification,
1,property,FP_ParsedGeneralRule,parsed general rule,
1,property,FP_ParsedSpecification,parsed specification,
1,property,FP_PasswordStyle,password style,
1,property,FP_Path,path,
1,property,FP_Pen,pen,
1,property,FP_PercentDone,percent done,
1,property,FP_PgfAlignment,paragraph alignment,
1,property,FP_PgfCatalogReference,paragraph catalog reference,
1,property,FP_PgfIsAutoNum,paragraph is auto number,
1,property,FP_PgfMarkedForNamedDestination,paragraph marked for named destination,
1,property,FP_PgfNumComputeMethod,paragraph number compute method,
1,property,FP_PgfNumber,paragraph number,
1,property,FP_PgfSpacingFactor,paragraph spacing factor,
1,property,FP_PgfSpellChecked,paragraph spell checked,
1,property,FP_PgfSplit,paragraph split,
1,property,FP_Placement,placement,
1,property,FP_Platform,platform,
1,property,FP_PointPageNum,point page number,
1,property,FP_PointPageNumStyle,point page number style,
1,property,FP_Points,points,
1,property,FP_PolyIsBezier,poly is bezier,
1,property,FP_Position,position,
1,property,FP_PrefixRules,prefix rules,
1,property,FP_PrevAFrame,previous a frame,
1,property,FP_PrevCell,previous cell,
1,property,FP_PrevCellInRow,previous cell in row,
1,property,FP_PrevComponentInBook,previous component in book,
1,property,FP_PrevElementDFS,previous element depth first search,
1,property,FP_PrevFn,previous footnote,
1,property,FP_PrevGraphicInFrame,previous graphic in frame,
1,property,FP_PrevGraphicInGroup,previous graphic in group,
1,property,FP_PrevMenuItemInMenu,previous menu item in menu,
1,property,FP_PrevPgfInFlow,previous paragraph in flow,
1,property,FP_PrevRowInTbl,previous row in table,
1,property,FP_PrevSiblingElement,previous sibling element,
1,property,FP_PrevSubCol,previous sub column,
1,property,FP_PrevTextFrameInFlow,previous text frame in flow,
1,property,FP_PreviewState,preview state,
1,property,FP_PrintBlankPages,print blank pages,
1,property,FP_PrintCollated,print collated,
1,property,FP_PrintCols,print columns,
1,property,FP_PrintDitavalFileName,print ditaval file name,
1,property,FP_PrintDownloadAsianFonts,print download asian fonts,
1,property,FP_PrintEmulsion,print emulsion,
1,property,FP_PrintEndPage,print end page,
1,property,FP_PrintEndPageName,print end page name,
1,property,FP_PrintEndPoint,print end point,
1,property,FP_PrintEvenPages,print even pages,
1,property,FP_PrintFileName,print file name,
1,property,FP_PrintImaging,print imaging,
1,property,FP_PrintInclude,print include,
1,property,FP_PrintLastSheetFirst,print last sheet first,
1,property,FP_PrintLowRes,print low resolution,
1,property,FP_PrintManualFeed,print manual feed,
1,property,FP_PrintNumCopies,print number copies,
1,property,FP_PrintOddPages,print odd pages,
1,property,FP_PrintPaperHeight,print paper height,
1,property,FP_PrintPaperWidth,print paper width,
1,property,FP_PrintRegMarkDate,print reg mark date,
1,property,FP_PrintRegistrationMarks,print registration marks,
1,property,FP_PrintRows,print rows,
1,property,FP_PrintScale,print scale,
1,property,FP_PrintScope,print scope,
1,property,FP_PrintSeps,print seps,
1,property,FP_PrintSpotBW,print spot bw,
1,property,FP_PrintStartPage,print start page,
1,property,FP_PrintStartPageName,print start page name,
1,property,FP_PrintStartPoint,print start point,
1,property,FP_PrintThumbnails,print thumbnails,
1,property,FP_PrintToFile,print to file,
1,property,FP_PrintTomboMarks,print tombo marks,
1,property,FP_PrinterName,printer name,
1,property,FP_ProcessNumber,process number,
1,property,FP_ProductIsDemo,product is demo,
1,property,FP_ProductIsStructured,product is structured,
1,property,FP_ProductName,product name,
1,property,FP_ProgId,prog id,
1,property,FP_Public,public,
1,property,FP_Radius,radius,
1,property,FP_RasterFilterDpi,raster filter dots per inch,
1,property,FP_ReadOnly,read only,
1,property,FP_RectangleIsSmoothed,rectangle is smoothed,
1,property,FP_Reformatting,reformatting,
1,property,FP_RememberMissingFontNames,remember missing font names,
1,property,FP_Required,required,
1,property,FP_ReservedColor,reserved color,
1,property,FP_ResizeGripperBarVisibility,resize gripper bar visibility,
1,property,FP_ResizeGripperPos,resize gripper position,
1,property,FP_RetainUndoState,retain undo state,
1,property,FP_ReviewTime,review time,
1,property,FP_ReviewerName,reviewer name,
1,property,FP_ReviewerNameList,reviewer name list,
1,property,FP_RightColNum,right column number,
1,property,FP_RightIndent,right indent,
1,property,FP_RightIndentChange,right indent change,
1,property,FP_RightMargin,right margin,
1,property,FP_RightMasterPage,right master page,
1,property,FP_RowIsShown,row is shown,
1,property,FP_RowKeepWithNext,row keep with next,
1,property,FP_RowKeepWithPrev,row keep with previous,
1,property,FP_RowMaxHeight,row max height,
1,property,FP_RowMinHeight,row min height,
1,property,FP_RowStart,row start,
1,property,FP_RowTbl,row table,
1,property,FP_RowType,row type,
1,property,FP_RpcConstantName,rpc constant name,
1,property,FP_RpcProgramNumber,rpc program number,
1,property,FP_RubiAlignAtLineBounds,rubi align at line bounds,
1,property,FP_RubiElement,rubi element,
1,property,FP_RubiFixedSize,rubi fixed size,
1,property,FP_RubiOverhang,rubi overhang,
1,property,FP_RubiSize,rubi size,
1,property,FP_RubiTextRange,rubi text range,
1,property,FP_RuleClauseType,rule clause type,
1,property,FP_RulingGap,ruling gap,
1,property,FP_RulingLines,ruling lines,
1,property,FP_RulingPenWidth,ruling pen width,
1,property,FP_RulingSep,ruling separator,
1,property,FP_RunInSeparator,run in separator,
1,property,FP_Runaround,runaround,
1,property,FP_RunaroundGap,runaround gap,
1,property,FP_ScreenCaptureDocToFile,screen capture document to file,
1,property,FP_ScreenHeight,screen height,
1,property,FP_ScreenWidth,screen width,
1,property,FP_ScreenX,screen x,
1,property,FP_ScreenY,screen y,
1,property,FP_SecNumComputeMethod,sec number compute method,
1,property,FP_SectionNumStyle,section number style,
1,property,FP_SectionNumText,section number text,
1,property,FP_SectionNumber,section number,
1,property,FP_SelectedRow,selected row,
1,property,FP_SelectedRowId,selected row id,
1,property,FP_SelectedRowItems,selected row items,
1,property,FP_SelectedTbl,selected table,
1,property,FP_Sensitivity,sensitivity,
1,property,FP_SepOverride,separator override,
1,property,FP_SeparateInclusions,separate inclusions,
1,property,FP_ServerState,server state,
1,property,FP_ServerUrl,server url,
1,property,FP_Shadow,shadow,
1,property,FP_ShiftOrUnshiftCommand,shift or unshift command,
1,property,FP_ShowAll,show all,
1,property,FP_ShowCondIndicators,show condition indicators,
1,property,FP_ShowElementDescriptiveNames,show element descriptive names,
1,property,FP_SideHeadGap,side head gap,
1,property,FP_SideHeadPlacement,side head placement,
1,property,FP_SideHeadRoomInFlow,side head room in flow,
1,property,FP_SideHeadWidth,side head width,
1,property,FP_SideOffset,side offset,
1,property,FP_Size,size,
1,property,FP_SkipBlankSeps,skip blank seps,
1,property,FP_SmallCapsSize,small caps size,
1,property,FP_SmallCapsStretch,small caps stretch,
1,property,FP_SmartQuotes,smart quotes,
1,property,FP_SmartSpaces,smart spaces,
1,property,FP_Snap,snap,
1,property,FP_SnapAngle,snap angle,
1,property,FP_SnapGridUnits,snap grid units,
1,property,FP_SortingEnabled,sorting enabled,
1,property,FP_Source,source,
1,property,FP_SourceType,source type,
1,property,FP_SpaceAbove,space above,
1,property,FP_SpaceAboveChange,space above change,
1,property,FP_SpaceBelow,space below,
1,property,FP_SpaceBelowChange,space below change,
1,property,FP_Spacing,spacing,
1,property,FP_Specification,specification,
1,property,FP_SpecificationForCSS,specification for css,
1,property,FP_SpecifiedKeyCatalog,specified key catalog,
1,property,FP_SpotColorView,spot color view,
1,property,FP_Spread,spread,
1,property,FP_SpreadChange,spread change,
1,property,FP_StackWarningLevel,stack warning level,
1,property,FP_Start,start,
1,property,FP_State,state,
1,property,FP_StatusLine,status line,
1,property,FP_StopCountingAt,stop counting at,
1,property,FP_Stretch,stretch,
1,property,FP_StretchChange,stretch change,
1,property,FP_Strikethrough,strikethrough,
1,property,FP_Strings,strings,
1,property,FP_StructAppAttrConfigFile,struct app attribute config file,
1,property,FP_StructureCursorTypes,structure cursor types,
1,property,FP_StructuredApplication,structured application,
1,property,FP_StructuredApplicationForOpen,structured application for open,
1,property,FP_StructuredApplicationList,structured application list,
1,property,FP_StructuredDummyDocText,structured dummy document text,
1,property,FP_StyleOverride,style override,
1,property,FP_StyleOverrides,style overrides,
1,property,FP_StyleTag,style tag,
1,property,FP_SubFmtRule,sub format rule,
1,property,FP_SubScriptShift,sub script shift,
1,property,FP_SubScriptSize,sub script size,
1,property,FP_SubScriptStretch,sub script stretch,
1,property,FP_SubsecNumComputeMethod,subsec number compute method,
1,property,FP_SubsectionNumStyle,subsection number style,
1,property,FP_SubsectionNumText,subsection number text,
1,property,FP_SubsectionNumber,subsection number,
1,property,FP_SuffixRules,suffix rules,
1,property,FP_SuperScriptShift,super script shift,
1,property,FP_SuperScriptSize,super script size,
1,property,FP_SuperScriptStretch,super script stretch,
1,property,FP_SuppressXMLParserWarnings,suppress xml parser warnings,
1,property,FP_Symbols,symbols,
1,property,FP_SymbolsList,symbols list,
1,property,FP_SystemVar,system variable,
1,property,FP_TabStops,tab stops,
1,property,FP_TableTagging,table tagging,
1,property,FP_Tabs,tabs,
1,property,FP_TailArrow,tail arrow,
1,property,FP_TblAlignment,table alignment,
1,property,FP_TblBodyElement,table body element,
1,property,FP_TblBodyFirstColor,table body first color,
1,property,FP_TblBodyFirstFill,table body first fill,
1,property,FP_TblBodyFirstPeriod,table body first period,
1,property,FP_TblBodyNextColor,table body next color,
1,property,FP_TblBodyNextFill,table body next fill,
1,property,FP_TblBodyNextPeriod,table body next period,
1,property,FP_TblBodyRowRuling,table body row ruling,
1,property,FP_TblBodyRowRulingPeriod,table body row ruling period,
1,property,FP_TblBodyShadeBy,table body shade by,
1,property,FP_TblBottomRuling,table bottom ruling,
1,property,FP_TblCatalogEntry,table catalog entry,
1,property,FP_TblCellBottomMargin,table cell bottom margin,
1,property,FP_TblCellLeftMargin,table cell left margin,
1,property,FP_TblCellRightMargin,table cell right margin,
1,property,FP_TblCellTopMargin,table cell top margin,
1,property,FP_TblColRuling,table column ruling,
1,property,FP_TblColRulingPeriod,table column ruling period,
1,property,FP_TblColWidths,table column widths,
1,property,FP_TblElement,table element,
1,property,FP_TblFnCellPosition,table footnote cell position,
1,property,FP_TblFnCellPrefix,table footnote cell prefix,
1,property,FP_TblFnCellSuffix,table footnote cell suffix,
1,property,FP_TblFnCustNumString,table footnote cust number string,
1,property,FP_TblFnFmt,table footnote format,
1,property,FP_TblFnNumComputeMethod,table footnote number compute method,
1,property,FP_TblFnNumStyle,table footnote number style,
1,property,FP_TblFnPosition,table footnote position,
1,property,FP_TblFnPrefix,table footnote prefix,
1,property,FP_TblFnSuffix,table footnote suffix,
1,property,FP_TblFooterElement,table footer element,
1,property,FP_TblHFColor,table hf color,
1,property,FP_TblHFFill,table hf fill,
1,property,FP_TblHFRowRuling,table hf row ruling,
1,property,FP_TblHFSeparatorRuling,table hf separator ruling,
1,property,FP_TblHeaderElement,table header element,
1,property,FP_TblInLockedTi,table in locked text inset,
1,property,FP_TblInitNumBodyRows,table initialize number body rows,
1,property,FP_TblInitNumCols,table initialize number columns,
1,property,FP_TblInitNumFRows,table initialize number f rows,
1,property,FP_TblInitNumHRows,table initialize number h rows,
1,property,FP_TblLastBodyRuling,table last body ruling,
1,property,FP_TblLeftIndent,table left indent,
1,property,FP_TblLeftRuling,table left ruling,
1,property,FP_TblNumCols,table number columns,
1,property,FP_TblNumRows,table number rows,
1,property,FP_TblNumbering,table numbering,
1,property,FP_TblOtherBodyRowRuling,table other body row ruling,
1,property,FP_TblOtherColRuling,table other column ruling,
1,property,FP_TblPlacement,table placement,
1,property,FP_TblRightIndent,table right indent,
1,property,FP_TblRightRuling,table right ruling,
1,property,FP_TblSpaceAbove,table space above,
1,property,FP_TblSpaceBelow,table space below,
1,property,FP_TblTag,table tag,
1,property,FP_TblTitleElement,table title element,
1,property,FP_TblTitleGap,table title gap,
1,property,FP_TblTitlePosition,table title position,
1,property,FP_TblTitleSelected,table title selected,
1,property,FP_TblTopRuling,table top ruling,
1,property,FP_TblWidth,table width,
1,property,FP_TechSuiteInternal,tech suite internal,
1,property,FP_TechSuiteInternal2,tech suite internal2,
1,property,FP_Text,text,
1,property,FP_TextColor,text color,
1,property,FP_TextFmtRules,text format rules,
1,property,FP_TextIsInvalidInElement,text is invalid in element,
1,property,FP_TextLineType,text line type,
1,property,FP_TextLoc,text location,
1,property,FP_TextRange,text range,
1,property,FP_TextSelection,text selection,
1,property,FP_Theta,theta,
1,property,FP_TiAutomaticUpdate,text inset automatic update,
1,property,FP_TiByRows,text inset by rows,
1,property,FP_TiClientData,text inset client data,
1,property,FP_TiClientName,text inset client name,
1,property,FP_TiClientSource,text inset client source,
1,property,FP_TiClientType,text inset client type,
1,property,FP_TiClientUpdateSilent,text inset client update silent,
1,property,FP_TiEOLisEOP,text inset eo lis eop,
1,property,FP_TiFile,text inset file,
1,property,FP_TiFileModDate,text inset file mod date,
1,property,FP_TiFlowName,text inset flow name,
1,property,FP_TiFlowPageSpace,text inset flow page space,
1,property,FP_TiFormat,text inset format,
1,property,FP_TiHeadersEmpty,text inset headers empty,
1,property,FP_TiIsNested,text inset is nested,
1,property,FP_TiIsUnresolved,text inset is unresolved,
1,property,FP_TiLocked,text inset locked,
1,property,FP_TiMacEdition,text inset mac edition,
1,property,FP_TiMainFlow,text inset main flow,
1,property,FP_TiNumCols,text inset number columns,
1,property,FP_TiNumHeaderRows,text inset number header rows,
1,property,FP_TiNumSeparators,text inset number separators,
1,property,FP_TiRemoveOverrides,text inset remove overrides,
1,property,FP_TiRemovePageBreaks,text inset remove page breaks,
1,property,FP_TiSeparator,text inset separator,
1,property,FP_TiTblTag,text inset table tag,
1,property,FP_TiTextEncoding,text inset text encoding,
1,property,FP_Ti_,text inset,
1,property,FP_TintBaseColor,tint base color,
1,property,FP_TintPercent,tint percent,
1,property,FP_TmpDir,tmp dir,
1,property,FP_ToolBar,tool bar,
1,property,FP_TopMargin,top margin,
1,property,FP_TopRowSelection,top row selection,
1,property,FP_TopSepAtIndent,top separator at indent,
1,property,FP_TopSeparator,top separator,
1,property,FP_TopicRefAbsoluteFilePath,topic reference absolute file path,
1,property,FP_TrackChangesAddedColor,track changes added color,
1,property,FP_TrackChangesDeletedColor,track changes deleted color,
1,property,FP_TrackChangesOn,track changes on,
1,property,FP_Transient,transient,
1,property,FP_TrapwiseCompatibility,trapwise compatibility,
1,property,FP_Tsume,tsume,
1,property,FP_TypeOfDisplayText,type of display text,
1,property,FP_UIColorBackground,ui color background,
1,property,FP_UIColorRuler,ui color ruler,
1,property,FP_Underlining,underlining,
1,property,FP_UndoFDKRecording,undo fdk recording,
1,property,FP_Unique,unique,
1,property,FP_Untouchable,untouchable,
1,property,FP_Use,use,
1,property,FP_UseAFrameIsCropped,use a frame is cropped,
1,property,FP_UseAFrameIsFloating,use a frame is floating,
1,property,FP_UseAlignment,use alignment,
1,property,FP_UseAnchorType,use anchor type,
1,property,FP_UseAngle,use angle,
1,property,FP_UseBaselineOffset,use baseline offset,
1,property,FP_UseBkColor,use book color,
1,property,FP_UseBorderWidth,use border width,
1,property,FP_UseCapitalization,use capitalization,
1,property,FP_UseChangeBar,use change bar,
1,property,FP_UseColGapWidth,use column gap width,
1,property,FP_UseColor,use color,
1,property,FP_UseColumnsAreBalanced,use columns are balanced,
1,property,FP_UseDTheta,use d theta,
1,property,FP_UseFMConsoleForErrorLog,use fm console for error log,
1,property,FP_UseFill,use fill,
1,property,FP_UseFlowIsAutoConnect,use flow is auto connect,
1,property,FP_UseFlowIsPostScript,use flow is post script,
1,property,FP_UseFontAngle,use font angle,
1,property,FP_UseFontFamily,use font family,
1,property,FP_UseFontSize,use font size,
1,property,FP_UseFontVariation,use font variation,
1,property,FP_UseFontWeight,use font weight,
1,property,FP_UseHeight,use height,
1,property,FP_UseInitialStructure,use initial structure,
1,property,FP_UseInitialStructureOfAutoInsertedElements,use initial structure of auto inserted elements,
1,property,FP_UseInsetDpi,use inset dots per inch,
1,property,FP_UseKernX,use kern x,
1,property,FP_UseKernY,use kern y,
1,property,FP_UseLanguage,use language,
1,property,FP_UseLocX,use location x,
1,property,FP_UseLocY,use location y,
1,property,FP_UseMathSize,use math size,
1,property,FP_UseNextTag,use next tag,
1,property,FP_UseNumColumns,use number columns,
1,property,FP_UseOutline,use outline,
1,property,FP_UseOverline,use overline,
1,property,FP_UseOverprint,use overprint,
1,property,FP_UsePairKern,use pair kern,
1,property,FP_UsePen,use pen,
1,property,FP_UsePosition,use position,
1,property,FP_UseRadius,use radius,
1,property,FP_UseRunaround,use runaround,
1,property,FP_UseRunaroundGap,use runaround gap,
1,property,FP_UseSepOverride,use separator override,
1,property,FP_UseShadow,use shadow,
1,property,FP_UseSideHeadGap,use side head gap,
1,property,FP_UseSideHeadPlacement,use side head placement,
1,property,FP_UseSideHeadWidth,use side head width,
1,property,FP_UseSideOffset,use side offset,
1,property,FP_UseSpread,use spread,
1,property,FP_UseStretch,use stretch,
1,property,FP_UseStrikethrough,use strikethrough,
1,property,FP_UseTextLineType,use text line type,
1,property,FP_UseTheta,use theta,
1,property,FP_UseTintPercent,use tint percent,
1,property,FP_UseTsume,use tsume,
1,property,FP_UseUnderlining,use underlining,
1,property,FP_UseWidth,use width,
1,property,FP_UserHomeDir,user home dir,
1,property,FP_UserLogin,user login,
1,property,FP_UserName,user name,
1,property,FP_UserSettingsDir,user settings dir,
1,property,FP_UserString,user string,
1,property,FP_ValidHighestLevel,valid highest level,
1,property,FP_Validating,validating,
1,property,FP_ValidationFlags,validation flags,
1,property,FP_VarFmt,variable format,
1,property,FP_Variables,variables,
1,property,FP_VersionMajor,version major,
1,property,FP_VersionMinor,version minor,
1,property,FP_VersionRevision,version revision,
1,property,FP_VerticalSpreadLarge,vertical spread large,
1,property,FP_VerticalSpreadMed,vertical spread med,
1,property,FP_VerticalSpreadSmall,vertical spread small,
1,property,FP_ViewBorders,view borders,
1,property,FP_ViewDisplayUnits,view display units,
1,property,FP_ViewFontSizeUnits,view font size units,
1,property,FP_ViewGrid,view grid,
1,property,FP_ViewGridUnits,view grid units,
1,property,FP_ViewHotspotIndicators,view hotspot indicators,
1,property,FP_ViewLinkBoundaries,view link boundaries,
1,property,FP_ViewNoGraphics,view no graphics,
1,property,FP_ViewOnlyDeadCodes,view only dead codes,
1,property,FP_ViewOnlyMenuBar,view only menu bar,
1,property,FP_ViewOnlySelect,view only select,
1,property,FP_ViewOnlyWinBorders,view only win borders,
1,property,FP_ViewOnlyWinMenubar,view only win menubar,
1,property,FP_ViewOnlyWinPalette,view only win palette,
1,property,FP_ViewOnlyWinPopup,view only win popup,
1,property,FP_ViewOnlyXRef,view only x reference,
1,property,FP_ViewPageScrolling,view page scrolling,
1,property,FP_ViewRulerUnits,view ruler units,
1,property,FP_ViewRulers,view rulers,
1,property,FP_ViewTextSymbols,view text symbols,
1,property,FP_Visibility,visibility,
1,property,FP_VolNumComputeMethod,vol number compute method,
1,property,FP_VolumeNumStyle,volume number style,
1,property,FP_VolumeNumText,volume number text,
1,property,FP_VolumeNumber,volume number,
1,property,FP_WesternFamily,western family,
1,property,FP_WesternFontPanoseName,western font panose name,
1,property,FP_WesternFontPlatformName,western font platform name,
1,property,FP_WesternFontPostScriptNa,western font post script na,
1,property,FP_WesternShift,western shift,
1,property,FP_WesternSize,western size,
1,property,FP_WideRubiSpaceForJapanese,wide rubi space for japanese,
1,property,FP_WideRubiSpaceForOther,wide rubi space for other,
1,property,FP_Width,width,
1,property,FP_WindowHandle,window handle,
1,property,FP_WindowSystem,window system,
1,property,FP_XRefAltText,x reference alt text,
1,property,FP_XRefClientName,x reference client name,
1,property,FP_XRefClientType,x reference client type,
1,property,FP_XRefFile,x reference file,
1,property,FP_XRefFmt,x reference format,
1,property,FP_XRefIsUnresolved,x reference is unresolved,
1,property,FP_XRefResolvedWithKeyref,x reference resolved with keyref,
1,property,FP_XRefRetainKeydefText,x reference retain keydef text,
1,property,FP_XRefSrcElemNonUniqueId,x reference source element non unique id,
1,property,FP_XRefSrcIsElem,x reference source is element,
1,property,FP_XRefSrcText,x reference source text,
1,property,FP_XSLTProcessors,xslt processors,
1,property,FP_XSLTTransformationScenarioFile,xslt transformation scenario file,
1,property,FP_XmlApplicationForBookComponent,xml application for book component,
1,property,FP_XmlDocType,xml document type,
1,property,FP_XmlEncoding,xml encoding,
1,property,FP_XmlFileEncoding,xml file encoding,
1,property,FP_XmlIsBook,xml is book,
1,property,FP_XmlLock,xml lock,
1,property,FP_XmlPublicId,xml public id,
1,property,FP_XmlStandAlone,xml stand alone,
1,property,FP_XmlStyleSheet,xml style sheet,
1,property,FP_XmlStyleSheetList,xml style sheet list,
1,property,FP_XmlSystemId,xml system id,
1,property,FP_XmlUseBOM,xml use bom,
1,property,FP_XmlVersion,xml version,
1,property,FP_XmlWellFormed,xml well formed,
1,property,FP_YakumonoType,yakumono type,
1,property,FP_Yellow,yellow,
1,property,FP_Zoom,zoom,
6,setting,FS_FileIsInUse,file is in use,
5,setting,FS_AlertUserAboutFailure,alert user about failure,
4,setting,FS_DisallowMIF,disallow mif,
4,setting,FS_DisallowXml,disallow xml,
4,setting,FS_FileTypeHint,file type hint,
4,setting,FS_HowToImport,how to import,
4,setting,FS_SaveFileTypeHint,save file type hint,
3,setting,FS_BookIsInUse,book is in use,
3,setting,FS_CellSeparator,cell separator,
3,setting,FS_DontNotifyAPIClients,dont notify api clients,
3,setting,FS_FileIsOldVersion,file is old version,
3,setting,FS_FileIsText,file is text,
3,setting,FS_FitGraphicInSelectedRect,fit graphic in selected rectangle,
3,setting,FS_FontChangedMetric,font changed metric,
3,setting,FS_FontNotFoundInCatalog,font not found in catalog,
3,setting,FS_FontNotFoundInDoc,font not found in document,
3,setting,FS_GraphicDpi,graphic dots per inch,
3,setting,FS_LanguageNotAvailable,language not available,
3,setting,FS_LockCantBeReset,lock cant be reset,
3,setting,FS_MakeVisible,make visible,
3,setting,FS_OpenAsType,open as type,
3,setting,FS_OpenFileNotWritable,open file not writable,
3,setting,FS_RefFileNotFound,reference file not found,
3,setting,FS_ShowBookErrorLog,show book error log,
3,setting,FS_ShowBrowser,show browser,
3,setting,FS_UpdateTextReferences,update text references,
3,setting,FS_UpdateXRefs,update x refs,
3,setting,FS_UseAutoSaveFile,use auto save file,
3,setting,FS_UseRecoverFile,use recover file,
2,setting,FS_AllowNonFMFiles,allow non fm files,
2,setting,FS_AllowViewOnlyFiles,allow view only files,
2,setting,FS_DisallowDoc,disallow document,
2,setting,FS_DisallowFilterTypes,disallow filter types,
2,setting,FS_DisallowGraphicTypes,disallow graphic types,
2,setting,FS_DisallowMacEditions,disallow mac editions,
2,setting,FS_DisallowPlainText,disallow plain text,
2,setting,FS_DisallowSgml,disallow sgml,
2,setting,FS_FileIsGraphic,file is graphic,
2,setting,FS_FileIsMakerDoc,file is maker document,
2,setting,FS_FileIsSgmlDoc,file is sgml document,
2,setting,FS_FileIsXmlDoc,file is xml document,
2,setting,FS_FindCharFmt,find character format,
2,setting,FS_FindCharTag,find character tag,
2,setting,FS_FindCondTextInCondTags,find condition text in condition tags,
2,setting,FS_FindCustomizationFlags,find customization flags,
2,setting,FS_FindElementTag,find element tag,
2,setting,FS_FindMarkerOfType,find marker of type,
2,setting,FS_FindMarkerText,find marker text,
2,setting,FS_FindNamedVariable,find named variable,
2,setting,FS_FindObject,find object,
2,setting,FS_FindPgfTag,find paragraph tag,
2,setting,FS_FindTableTag,find table tag,
2,setting,FS_FindText,find text,
2,setting,FS_FindWrap,find wrap,
2,setting,FS_ForceImportAsText,force import as text,
2,setting,FS_FormatImportedText,format imported text,
2,setting,FS_ImportAsType,import as type,
2,setting,FS_ImportFlowPageSpace,import flow page space,
2,setting,FS_ImportFlowTag,import flow tag,
2,setting,FS_ImportNativeError,import native error,
2,setting,FS_ImportStatus,import status,
2,setting,FS_ImportTblTag,import table tag,
2,setting,FS_ImportedFileName,imported file name,
2,setting,FS_LeaveHeadingRowsEmpty,leave heading rows empty,
2,setting,FS_ManualUpdate,manual update,
2,setting,FS_NewDoc,new document,
2,setting,FS_NumCellSeparators,number cell separators,
2,setting,FS_NumColumns,number columns,
2,setting,FS_OpenBookViewOnly,open book view only,
2,setting,FS_OpenDocViewOnly,open document view only,
2,setting,FS_RasterDpi,raster dots per inch,
2,setting,FS_RasterImageHeight,raster image height,
2,setting,FS_RasterImageWidth,raster image width,
2,setting,FS_RemoveManualPageBreaks,remove manual page breaks,
2,setting,FS_RemoveOverrides,remove overrides,
2,setting,FS_SaveNativeError,save native error,
2,setting,FS_SaveStatus,save status,
2,setting,FS_SavedFileName,saved file name,
2,setting,FS_ShowRasterDpiDialog,show raster dots per inch dialog,
2,setting,FS_TblNumHeadingRows,table number heading rows,
2,setting,FS_TextInsetName,text inset name,
2,setting,FS_TreatParaAsRow,treat para as row,
2,setting,FS_UpdateBookMasterPages,update book master pages,
2,setting,FS_UpdateBookNumbering,update book numbering,
2,setting,FS_UpdateBookOleLinks,update book ole links,
2,setting,FS_UpdateBookStatus,update book status,
2,setting,FS_UpdateBookTextReferences,update book text references,
2,setting,FS_UpdateBookXRefs,update book x refs,
2,setting,FS_UseMainFlow,use main flow,
1,setting,FS_ActiveConditionalExpression,active conditional expression,
1,setting,FS_AddEditExpressions,add edit expressions,
1,setting,FS_AllowInconsistentNumProps,allow inconsistent number properties,
1,setting,FS_ApplyConditionalSettingsShowBookErrorLog,apply conditional settings show book error log,
1,setting,FS_ApplyConditionalSettingsToNestedBooks,apply conditional settings to nested books,
1,setting,FS_ApplyConditionalSettingsToViewOnlyDoc,apply conditional settings to view only document,
1,setting,FS_AutoBackupOnSave,auto backup on save,
1,setting,FS_BeefyDoc,beefy document,
1,setting,FS_CMSId,content management system id,
1,setting,FS_CMSSessionId,content management system session id,
1,setting,FS_ClientUpdateSilent,client update silent,
1,setting,FS_DeleteExpressions,delete expressions,
1,setting,FS_DisallowBookDoc,disallow book document,
1,setting,FS_DisallowBookMIF,disallow book mif,
1,setting,FS_DitaGenerateFlatBook,dita generate flat book,
1,setting,FS_DitaPostProcessingOnBook,dita post processing on book,
1,setting,FS_DitaSavePdfViaBook,dita save pdf via book,
1,setting,FS_DitavalCondTag,ditaval condition tag,
1,setting,FS_DitavalFile,ditaval file,
1,setting,FS_Doctype,doctype,
1,setting,FS_Export,export,
1,setting,FS_ExportFileName,export file name,
1,setting,FS_ExportFileTypeHint,export file type hint,
1,setting,FS_ExportNativeError,export native error,
1,setting,FS_ExportObjectId,export object id,
1,setting,FS_ExportObjectNeedsDpi,export object needs dots per inch,
1,setting,FS_ExportStatus,export status,
1,setting,FS_ExportTextRange,export text range,
1,setting,FS_ExportType,export type,
1,setting,FS_Extension,extension,
1,setting,FS_FileIsStructured,file is structured,
1,setting,FS_FileType,file type,
1,setting,FS_FindCondTextNotInCondTags,find condition text not in condition tags,
1,setting,FS_FindXRefWithForm,find x reference with form,
1,setting,FS_FindXRefWithFormat,find x reference with format,
1,setting,FS_ForceOpenAsText,force open as text,
1,setting,FS_FormatImportedTest,format imported test,
1,setting,FS_HasUnsupportedHotspotShapes,has unsupported hotspot shapes,
1,setting,FS_HideConditions,hide conditions,
1,setting,FS_ImportExportVersion,import export version,
1,setting,FS_ImportNativeErr,import native err,
1,setting,FS_ImportedFileNa,imported file na,
1,setting,FS_InsetData,inset data,
1,setting,FS_InsetElementDef,inset element definition,
1,setting,FS_InsetRasterDpi,inset raster dots per inch,
1,setting,FS_IsErrorDoc,is error document,
1,setting,FS_IterParamGetBookComponentFolder,iter parameter get book component folder,
1,setting,FS_IterParamGetBookComponentGroup,iter parameter get book component group,
1,setting,FS_IterParamGetBookComponentRefBook,iter parameter get book component reference book,
1,setting,FS_IterParamGetBookComponentRefMap,iter parameter get book component reference map,
1,setting,FS_IterParamGetMapRef,iter parameter get map reference,
1,setting,FS_IterParamParseBookInBook,iter parameter parse book in book,
1,setting,FS_IterParamParseMapInBook,iter parameter parse map in book,
1,setting,FS_IterParamParseMapInMap,iter parameter parse map in map,
1,setting,FS_IterParamSkipExcludedBookComponents,iter parameter skip excluded book components,
1,setting,FS_IterParamSkipNonPrintTopicrefs,iter parameter skip non print topicrefs,
1,setting,FS_IterParamSkipResourceOnlyTopicrefs,iter parameter skip resource only topicrefs,
1,setting,FS_IterParamSkipTopicsetrefs,iter parameter skip topic set references,
1,setting,FS_IteratorItemFieldBookId,iterator item field book id,
1,setting,FS_IteratorItemFieldDocId,iterator item field document id,
1,setting,FS_IteratorItemFieldObjId,iterator item field object id,
1,setting,FS_IteratorItemMaxFields,iterator item max fields,
1,setting,FS_MakeIconic,make iconic,
1,setting,FS_MakePageCount,make page count,
1,setting,FS_ModDateChanged,mod date changed,
1,setting,FS_NameStripe,name stripe,
1,setting,FS_NoStructuredErrorLog,no structured error log,
1,setting,FS_NumExportParams,number export parameters,
1,setting,FS_NumExportReturnParams,number export return parameters,
1,setting,FS_NumImportParams,number import parameters,
1,setting,FS_NumImportReturnParams,number import return parameters,
1,setting,FS_NumIteratorParams,number iterator parameters,
1,setting,FS_NumNewXMLParams,number new xml parameters,
1,setting,FS_NumOpenParams,number open parameters,
1,setting,FS_NumOpenReturnParams,number open return parameters,
1,setting,FS_NumSaveParams,number save parameters,
1,setting,FS_NumSaveReturnParams,number save return parameters,
1,setting,FS_NumSpellParams,number spell parameters,
1,setting,FS_NumUpdateBookParams,number update book parameters,
1,setting,FS_NumUpdateBookReturnParams,number update book return parameters,
1,setting,FS_OpenDocFluid,open document fluid,
1,setting,FS_OpenId,open id,
1,setting,FS_OpenInNewWindow,open in new window,
1,setting,FS_OpenNativeError,open native error,
1,setting,FS_OpenStatus,open status,
1,setting,FS_OpenedFileName,opened file name,
1,setting,FS_OutputFilePathName,output file path name,
1,setting,FS_PDFPageNum,pdf page number,
1,setting,FS_PublicId,public id,
1,setting,FS_RetainNameStripe,retain name stripe,
1,setting,FS_SaveAsModeName,save as mode name,
1,setting,FS_SaveFileNotWritable,save file not writable,
1,setting,FS_SaveMode,save mode,
1,setting,FS_SaveTextTblSetting,save text table setting,
1,setting,FS_SgmlBookFileName,sgml book file name,
1,setting,FS_SgmlImportApplication,sgml import application,
1,setting,FS_ShowConditionIndicators,show condition indicators,
1,setting,FS_ShowConditions,show conditions,
1,setting,FS_ShowSaveTextDialog,show save text dialog,
1,setting,FS_ShowState,show state,
1,setting,FS_SpellAction,spell action,
1,setting,FS_SpellOptions,spell options,
1,setting,FS_SpellWrap,spell wrap,
1,setting,FS_StructuredApplication,structured application,
1,setting,FS_StructuredExportApplicati,structured export applicati,
1,setting,FS_StructuredImportApplicati,structured import applicati,
1,setting,FS_StructuredImportApplication,structured import application,
1,setting,FS_StructuredOpenApplication,structured open application,
1,setting,FS_StructuredSaveApplication,structured save application,
1,setting,FS_SystemId,system id,
1,setting,FS_TemplateShouldInsertRoot,template should insert root,
1,setting,FS_TextAfterString,text after string,
1,setting,FS_TextBeforeString,text before string,
1,setting,FS_TwoInARowString,two in a row string,
1,setting,FS_UNIXpermissions,uni xpermissions,
1,setting,FS_UpdateBookGenerated,update book generated,
1,setting,FS_UpdateBookGeneratedFiles,update book generated files,
1,setting,FS_UpdateBrowserDirectory,update browser directory,
1,setting,FS_UpdateFRVList,update frv list,
1,setting,FS_UseDefaultUNIXpermissions,use default uni xpermissions,
1,setting,FS_UseHTTP,use http,
1,setting,FS_VerifyInsets,verify insets,
1,setting,FS_Visible,visible,
1,setting,FS_WordContainString,word contain string,
2,struct,F_ObjHandleT,object handle,
2,struct,F_TextRangeT,text range,
1,struct,F_AttributeT,attribute,
1,struct,F_CMSItemPropertyT,content management system item property,
1,struct,F_CMSOpResultT,content management system op result,
1,struct,F_PointT,point,
1,struct,F_PropIdentT,property ident,
1,struct,F_TextItemT,text item,
1,struct,F_TextLocT,text location,
11,text_item,FTI_String,string,
5,text_item,FTI_CharPropsChange,character properties change,
4,text_item,FTI_ElemPrefixBegin,element prefix begin,
4,text_item,FTI_ElemPrefixEnd,element prefix end,
4,text_item,FTI_ElemSuffixBegin,element suffix begin,
4,text_item,FTI_ElemSuffixEnd,element suffix end,
4,text_item,FTI_FlowBegin,flow begin,
4,text_item,FTI_FlowEnd,flow end,
4,text_item,FTI_FrameAnchor,frame anchor,
4,text_item,FTI_HardLineEnd,hard line end,
4,text_item,FTI_HyphenLineEnd,hyphen line end,
4,text_item,FTI_LineBegin,line begin,
4,text_item,FTI_LineEnd,line end,
4,text_item,FTI_MarkerAnchor,marker anchor,
4,text_item,FTI_PageEnd,page end,
4,text_item,FTI_PgfBegin,paragraph begin,
4,text_item,FTI_PgfEnd,paragraph end,
4,text_item,FTI_SubColBegin,sub column begin,
4,text_item,FTI_SubColEnd,sub column end,
4,text_item,FTI_TblAnchor,table anchor,
4,text_item,FTI_TextFrameBegin,text frame begin,
4,text_item,FTI_TextFrameEnd,text frame end,
4,text_item,FTI_TextObjId,text object id,
4,text_item,FTI_VarBegin,variable begin,
4,text_item,FTI_VarEnd,variable end,
4,text_item,FTI_XRefEnd,x reference end,
3,text_item,FTI_ElementBegin,element begin,
3,text_item,FTI_ElementEnd,element end,
3,text_item,FTI_FnAnchor,footnote anchor,
3,text_item,FTI_PageBegin,page begin,
3,text_item,FTI_TextInsetBegin,text inset begin,
3,text_item,FTI_TextInsetEnd,text inset end,
3,text_item,FTI_XRefBegin,x reference begin,
1,text_item,FTI_FlowBeg,flow beginning,
1,text_item,FTI_FnAnch,footnote anch,
1,text_item,FTI_PageBeg,page beginning,
1,text_item,FTI_RubiCompositeBegin,rubi composite begin,
1,text_item,FTI_RubiCompositeEnd,rubi composite end,
1,text_item,FTI_RubiTextBegin,rubi text begin,
1,text_item,FTI_RubiTextEnd,rubi text end,
1,text_item,FTI_TblAnch,table anch,
1,text_item,FTI_XRefBeg,x reference beginning,
5,type,FT_Integer,integer,
4,type,FT_AttributesEx,attributes ex,
4,type,FT_String,string,
4,type,FT_Vals,values,
1,type,FT_AttributeDefs,attribute defs,
1,type,FT_Attributes,attributes,
1,type,FT_Bad,bad,
1,type,FT_COMMAND,command,
1,type,FT_ElementCatalog,element catalog,
1,type,FT_ElementFmts,element fmts,
1,type,FT_ElementRange,element range,
1,type,FT_FormatBranches,format branches,
1,type,FT_Id,id,
1,type,FT_Ints,ints,
1,type,FT_Metric,metric,
1,type,FT_Metrics,metrics,
1,type,FT_Num,number,
1,type,FT_OR_UNSHIFT_COMMAND,or unshift command,
1,type,FT_Points,points,
1,type,FT_Strings,strings,
1,type,FT_Tabs,tabs,
1,type,FT_TextLoc,text location,
1,type,FT_TextRange,text range,
1,type,FT_UBytes,u bytes,
1,type,FT_UInts,u ints,
33,value,FV_FILL_BLACK,fill black,
33,value,FV_FILL_CLEAR,fill clear,
33,value,FV_FILL_WHITE,fill white,
17,value,FV_FROMCOLOR,fromcolor,
17,value,FV_KNOCKOUT,knockout,
17,value,FV_OVERPRINT,overprint,
16,value,FV_ARROW_FILLED,arrow filled,
16,value,FV_ARROW_HOLLOW,arrow hollow,
16,value,FV_ARROW_STICK,arrow stick,
16,value,FV_CAP_BUTT,cap butt,
16,value,FV_CAP_ROUND,cap round,
16,value,FV_CAP_SQUARE,cap square,
16,value,FV_TR_BBOX,tr bbox,
16,value,FV_TR_CONTOUR,tr contour,
16,value,FV_TR_NONE,tr none,
15,value,FV_NUM_RESTART,number restart,
13,value,FV_NUM_CONTINUE,number continue,
10,value,FV_DoCancel,do cancel,
10,value,FV_PAGE_NUM_NUMERIC,page number numeric,
9,value,FV_NUM_SAME,number same,
8,value,FV_OBJ_END_OFFSET,object end offset,
8,value,FV_PAGE_NUM_ALPHA_LC,page number alpha lc,
8,value,FV_PAGE_NUM_ALPHA_UC,page number alpha uc,
8,value,FV_PAGE_NUM_DAIJI,page number daiji,
8,value,FV_PAGE_NUM_KANJI,page number kanji,
8,value,FV_PAGE_NUM_KANJI_KAZU,page number kanji kazu,
8,value,FV_PAGE_NUM_ROMAN_LC,page number roman lc,
8,value,FV_PAGE_NUM_ROMAN_UC,page number roman uc,
8,value,FV_PAGE_NUM_ZENKAKU,page number zenkaku,
8,value,FV_PAGE_NUM_ZENKAKU_LC,page number zenkaku lc,
8,value,FV_PAGE_NUM_ZENKAKU_UC,page number zenkaku uc,
7,value,FV_DoOK,do ok,
7,value,FV_FO_EQN,fo equation,
7,value,FV_FO_MARKER,fo marker,
7,value,FV_FO_TBL,fo table,
7,value,FV_FO_XREF,fo cross reference (XREF),
7,value,FV_LANG_BRITISH,lang british,
7,value,FV_LANG_ENGLISH,lang english,
7,value,FV_LANG_FRENCH,lang french,
7,value,FV_LANG_GERMAN,lang german,
7,value,FV_LANG_ITALIAN,lang italian,
7,value,FV_LANG_JAPANESE,lang japanese,
7,value,FV_LANG_NOLANGUAGE,lang nolanguage,
7,value,FV_LANG_SPANISH,lang spanish,
7,value,FV_LANG_SWEDISH,lang swedish,
6,value,FV_CAPITAL_CASE_UPPER,capital case upper,
6,value,FV_DIR_InheritInherit,dir inherit inherit,
6,value,FV_DIR_LTR,dir left to right,
6,value,FV_DIR_RTL,dir right to left,
6,value,FV_LANG_BRAZILIAN,lang brazilian,
6,value,FV_LANG_CATALAN,lang catalan,
6,value,FV_LANG_DANISH,lang danish,
6,value,FV_LANG_DUTCH,lang dutch,
6,value,FV_LANG_FINNISH,lang finnish,
6,value,FV_LANG_KOREAN,lang korean,
6,value,FV_LANG_PORTUGUESE,lang portuguese,
6,value,FV_LANG_SIMPLIFIED_CHINESE,lang simplified chinese,
6,value,FV_LANG_SWISS_GERMAN,lang swiss german,
6,value,FV_LANG_TRADITIONAL_CHINESE,lang traditional chinese,
6,value,FV_POS_NORM,position norm,
6,value,FV_POS_SUB,position sub,
6,value,FV_POS_SUPER,position super,
6,value,FV_SessionId,session id,
5,value,FV_ATTR_DISP_ALL,attribute disp all,
5,value,FV_ATTR_DISP_NONE,attribute disp none,
5,value,FV_ATTR_DISP_REQSPEC,attribute disp reqspec,
5,value,FV_AT_CHOICES,at choices,
5,value,FV_CB_DOUBLE_UNDERLINE,change bar double underline,
5,value,FV_CB_NO_UNDERLINE,change bar no underline,
5,value,FV_CB_NUMERIC_UNDERLINE,change bar numeric underline,
5,value,FV_CB_SINGLE_UNDERLINE,change bar single underline,
5,value,FV_DoShowDialog,do show dialog,
5,value,FV_ELCAT_CUSTOM,elcat custom,
5,value,FV_FN_NUM_ALPHA_LC,footnote number alpha lc,
5,value,FV_FN_NUM_ALPHA_UC,footnote number alpha uc,
5,value,FV_FN_NUM_DAIJI,footnote number daiji,
5,value,FV_FN_NUM_KANJI,footnote number kanji,
5,value,FV_FN_NUM_KANJI_KAZU,footnote number kanji kazu,
5,value,FV_FN_NUM_NUMERIC,footnote number numeric,
5,value,FV_FN_NUM_ROMAN_LC,footnote number roman lc,
5,value,FV_FN_NUM_ROMAN_UC,footnote number roman uc,
5,value,FV_FN_NUM_ZENKAKU,footnote number zenkaku,
5,value,FV_FN_NUM_ZENKAKU_LC,footnote number zenkaku lc,
5,value,FV_FN_NUM_ZENKAKU_UC,footnote number zenkaku uc,
5,value,FV_FN_POS_BASELINE,footnote position baseline,
5,value,FV_FN_POS_SUB,footnote position sub,
5,value,FV_FN_POS_SUPER,footnote position super,
5,value,FV_FO_FOOTNOTE,fo footnote,
5,value,FV_FO_GRAPHIC,fo graphic,
5,value,FV_FO_SYS_VAR,fo sys variable,
5,value,FV_FO_TBL_BODY,fo table body,
5,value,FV_FO_TBL_CELL,fo table cell,
5,value,FV_FO_TBL_FOOTING,fo table footing,
5,value,FV_FO_TBL_HEADING,fo table heading,
5,value,FV_FO_TBL_ROW,fo table row,
5,value,FV_FO_TBL_TITLE,fo table title,
5,value,FV_LANG_CANADIAN_,lang canadian,
5,value,FV_LANG_NORWEGIAN,lang norwegian,
5,value,FV_NUMSTYLE_ALPHA_LC,numstyle alpha lc,
5,value,FV_NUMSTYLE_ALPHA_UC,numstyle alpha uc,
5,value,FV_NUMSTYLE_DAIJI,numstyle daiji,
5,value,FV_NUMSTYLE_KANJI,numstyle kanji,
5,value,FV_NUMSTYLE_KANJI_KAZU,numstyle kanji kazu,
5,value,FV_NUMSTYLE_NUMERIC,numstyle numeric,
5,value,FV_NUMSTYLE_ROMAN_LC,numstyle roman lc,
5,value,FV_NUMSTYLE_ROMAN_UC,numstyle roman uc,
5,value,FV_NUMSTYLE_TEXT,numstyle text,
5,value,FV_NUMSTYLE_ZENKAKU,numstyle zenkaku,
5,value,FV_NUMSTYLE_ZENKAKU_LC,numstyle zenkaku lc,
5,value,FV_NUMSTYLE_ZENKAKU_UC,numstyle zenkaku uc,
5,value,FV_ResetLockAndContinue,reset lock and continue,
4,value,FV_AT_INTEGER,at integer,
4,value,FV_AT_REAL,at real,
4,value,FV_AT_REALS,at reals,
4,value,FV_AT_STRING,at string,
4,value,FV_AT_STRINGS,at strings,
4,value,FV_AUTORECOGNIZE,autorecognize,
4,value,FV_BadFileId,bad file id,
4,value,FV_BadSaveFileName,bad save file name,
4,value,FV_CAPITAL_,capital,
4,value,FV_CancelSaveFileIsInUse,cancel save file is in use,
4,value,FV_CancelSaveModDateChanged,cancel save mod date changed,
4,value,FV_CmdMatrix,command matrix,
4,value,FV_FIXED_YAKUMONO,fixed yakumono,
4,value,FV_FLOATING_YAKUMONO,floating yakumono,
4,value,FV_FN_NUM_CUSTOM,footnote number custom,
4,value,FV_FO_CONTAINER,fo container,
4,value,FV_FileIsViewOnly,file is view only,
4,value,FV_FileNotWritable,file not writable,
4,value,FV_InvalidSaveFilter,invalid save filter,
4,value,FV_KeydefKeyAttrs,keydef key attrs,
4,value,FV_KeydefKeyDefaultText,keydef key default text,
4,value,FV_KeydefKeyDuplicate,keydef key duplicate,
4,value,FV_KeydefKeyFoundInRefFile,keydef key found in reference file,
4,value,FV_KeydefKeyInValid,keydef key in valid,
4,value,FV_KeydefKeySrcFile,keydef key source file,
4,value,FV_KeydefKeySrcType,keydef key source type,
4,value,FV_KeydefKeyTag,keydef key tag,
4,value,FV_KeydefKeyTarget,keydef key target,
4,value,FV_KeydefKeyVarList,keydef key variable list,
4,value,FV_LockCouldntBeReset,lock couldnt be reset,
4,value,FV_LockNotReset,lock not reset,
4,value,FV_LockWasReset,lock was reset,
4,value,FV_MONOSPACE_YAKUMONO,monospace yakumono,
4,value,FV_NUM_READ_FROM_,number read from,
4,value,FV_NonPortableFileRefs,non portable file refs,
4,value,FV_NonPortableSaveName,non portable save name,
4,value,FV_PGF_ANYWHERE,paragraph anywhere,
4,value,FV_PGF_CENTER,paragraph center,
4,value,FV_PGF_JUSTIFIED,paragraph justified,
4,value,FV_PGF_LEFT,paragraph left,
4,value,FV_PGF_RIGHT,paragraph right,
4,value,FV_PGF_RUN_IN,paragraph run in,
4,value,FV_PGF_SIDEBODY,paragraph sidebody,
4,value,FV_PGF_SIDEHEAD_LAST_BASELINE,paragraph sidehead last baseline,
4,value,FV_PGF_SIDEHEAD_TOP,paragraph sidehead top,
4,value,FV_PGF_STRADDLE,paragraph straddle,
4,value,FV_PGF_TOP_OF_COL,paragraph top of column,
4,value,FV_PGF_TOP_OF_LEFT_PAGE,paragraph top of left page,
4,value,FV_PGF_TOP_OF_PAGE,paragraph top of page,
4,value,FV_PGF_TOP_OF_RIGHT_PAGE,paragraph top of right page,
4,value,FV_PGF_V_ALIGN_BOTTOM,paragraph v align bottom,
4,value,FV_PGF_V_ALIGN_MIDDLE,paragraph v align middle,
4,value,FV_PGF_V_ALIGN_TOP,paragraph v align top,
3,value,FV_AF_HIDDEN,af hidden,
3,value,FV_AF_READ_ONLY,af read only,
3,value,FV_ALIGN_TBL_CENTER,align table center,
3,value,FV_ALIGN_TBL_LEFT,align table left,
3,value,FV_ALIGN_TBL_RIGHT,align table right,
3,value,FV_ALTERNATIVE,alternative,
3,value,FV_ATTR_EDIT_ALWAYS,attribute edit always,
3,value,FV_ATTR_EDIT_NONE,attribute edit none,
3,value,FV_ATTR_EDIT_REQUIRED,attribute edit required,
3,value,FV_AT_INTEGERS,at integers,
3,value,FV_AT_UNIQUE_ID,at unique id,
3,value,FV_AT_UNIQUE_IDREF,at unique idref,
3,value,FV_AT_UNIQUE_IDREFS,at unique idrefs,
3,value,FV_BK_FILE,book file,
3,value,FV_BK_FM,book fm,
3,value,FV_BK_FOLDER,book folder,
3,value,FV_BK_GROUP,book group,
3,value,FV_BK_MIF,book mif,
3,value,FV_BK_TEXT,book text,
3,value,FV_BK_XML,book xml,
3,value,FV_CAPITAL_CASE_SMALL,capital case small,
3,value,FV_CN_DOUBLE_UNDERLINE,condition double underline,
3,value,FV_CN_NO_OVERRIDE,condition no override,
3,value,FV_CN_OVERLINE,condition overline,
3,value,FV_CN_SINGLE_UNDERLINE,condition single underline,
3,value,FV_CN_STRIKETHROUGH,condition strikethrough,
3,value,FV_ChooseSelect,choose select,
3,value,FV_CmdAlert,command alert,
3,value,FV_CmdAlertTitle,command alert title,
3,value,FV_CmdMessage,command message,
3,value,FV_DIR_Inherit,dir inherit,
3,value,FV_DIR_LTRLeft,dir left to right left,
3,value,FV_DIR_RTLRight,dir right to left right,
3,value,FV_DOC_TYPE_BINARY,document type binary,
3,value,FV_DoByRef,do by reference,
3,value,FV_DoImportAsTable,do import as table,
3,value,FV_DoNo,do no,
3,value,FV_ELCAT_ALL,elcat all,
3,value,FV_ELCAT_CHILDREN,elcat children,
3,value,FV_ELCAT_LOOSE,elcat loose,
3,value,FV_ELCAT_STRICT,elcat strict,
3,value,FV_EMUL_DOWN,emul down,
3,value,FV_EMUL_UP,emul up,
3,value,FV_EnclosingDoc,enclosing document,
3,value,FV_IMG_NEGATIVE,img negative,
3,value,FV_IMG_POSITIVE,img positive,
3,value,FV_INCLUSION,inclusion,
3,value,FV_LOOSELY_VALID,loosely valid,
3,value,FV_PDFBookmarksOpenAllLevels,pdf bookmarks open all levels,
3,value,FV_PDFBookmarksOpenDefaultLevel,pdf bookmarks open default level,
3,value,FV_PDFRegistrationMarksTombo,pdf registration marks tombo,
3,value,FV_PDFRegistrationMarksWestern,pdf registration marks western,
3,value,FV_PDFZoomDefault,pdf zoom default,
3,value,FV_PDFZoomHeight,pdf zoom height,
3,value,FV_PDFZoomNone,pdf zoom none,
3,value,FV_PDFZoomPage,pdf zoom page,
3,value,FV_PDFZoomWidth,pdf zoom width,
3,value,FV_PGF_FIXED,paragraph fixed,
3,value,FV_PGF_FIXED_B_MARGIN,paragraph fixed b margin,
3,value,FV_PGF_FLOATING,paragraph floating,
3,value,FV_PGF_PROPORTIONAL,paragraph proportional,
3,value,FV_PGF_SIDEHEAD_,paragraph sidehead,
3,value,FV_PGF_STRADDLE_NORMAL_ONLY,paragraph straddle normal only,
3,value,FV_PlainText,plain text,
3,value,FV_RC_CHANGELIST,rc changelist,
3,value,FV_SH_INSIDE,sh inside,
3,value,FV_SH_LEFT,sh left,
3,value,FV_SH_OUTSIDE,sh outside,
3,value,FV_SH_RIGHT,sh right,
3,value,FV_STRICTLY_VALID,strictly valid,
3,value,FV_SourceDoc,source document,
3,value,FV_TAB_CENTER,tab center,
3,value,FV_TAB_DECIMAL,tab decimal,
3,value,FV_TAB_LEFT,tab left,
3,value,FV_TAB_RIGHT,tab right,
3,value,FV_TBL_ANYWHERE,table anywhere,
3,value,FV_TBL_FLOAT,table float,
3,value,FV_TBL_NO_TITLE,table no title,
3,value,FV_TBL_NUM_BY_COL,table number by column,
3,value,FV_TBL_NUM_BY_ROW,table number by row,
3,value,FV_TBL_TITLE_ABOVE,table title above,
3,value,FV_TBL_TITLE_BELOW,table title below,
3,value,FV_TBL_TOP_OF_COL,table top of column,
3,value,FV_TBL_TOP_OF_LEFT_PAGE,table top of left page,
3,value,FV_TBL_TOP_OF_PAGE,table top of page,
3,value,FV_TBL_TOP_OF_RIGHT_PAGE,table top of right page,
3,value,FV_TEXTLINE_CENTER,textline center,
3,value,FV_TEXTLINE_LEFT,textline left,
3,value,FV_TEXTLINE_MATH,textline math,
3,value,FV_TEXTLINE_RIGHT,textline right,
3,value,FV_XML_STANDALONE_NO,xml standalone no,
3,value,FV_XML_STANDALONE_NONE,xml standalone none,
3,value,FV_XML_STANDALONE_YES,xml standalone yes,
3,value,FV_XML_USEBOM_NO,xml usebom no,
3,value,FV_XML_USEBOM_YES,xml usebom yes,
3,value,FV_XML_WELLFORMED_NO,xml wellformed no,
3,value,FV_XML_WELLFORMED_YES,xml wellformed yes,
2,value,FV_ALIGN_CENTER,align center,
2,value,FV_ALIGN_INSIDE,align inside,
2,value,FV_ALIGN_LEFT,align left,
2,value,FV_ALIGN_OUTSIDE,align outside,
2,value,FV_ALIGN_RIGHT,align right,
2,value,FV_ANCHOR_BELOW,anchor below,
2,value,FV_ANCHOR_BOTTOM,anchor bottom,
2,value,FV_ANCHOR_INLINE,anchor inline,
2,value,FV_ANCHOR_SUBCOL_INSIDE,anchor subcol inside,
2,value,FV_ANCHOR_SUBCOL_LEFT,anchor subcol left,
2,value,FV_ANCHOR_SUBCOL_RIGHT,anchor subcol right,
2,value,FV_ANCHOR_TOP,anchor top,
2,value,FV_AV_IDREF_UNRESOLVED,av idref unresolved,
2,value,FV_AV_OUT_OF_RANGE,av out of range,
2,value,FV_AV_REQUIRED,av required,
2,value,FV_AV_UNDEFINED,av undefined,
2,value,FV_Above,above,
2,value,FV_AllowAllRefFilesUnFindable,allow all reference files un findable,
2,value,FV_BGD_DEFAULT,bgd default,
2,value,FV_BGD_NONE,bgd none,
2,value,FV_BGD_OTHER,bgd other,
2,value,FV_BK_,book,
2,value,FV_BK_FILENAME,book filename,
2,value,FV_BK_INDEX_AUTHOR,book index author,
2,value,FV_BK_INDEX_FORMATS,book index formats,
2,value,FV_BK_INDEX_MARKER,book index marker,
2,value,FV_BK_INDEX_REFERENCES,book index references,
2,value,FV_BK_INDEX_STAN,book index stan,
2,value,FV_BK_INDEX_SUBJECT,book index subject,
2,value,FV_BK_LIST_FIGURE,book list figure,
2,value,FV_BK_LIST_FORMATS,book list formats,
2,value,FV_BK_LIST_MARKER,book list marker,
2,value,FV_BK_LIST_MARKER_ALPHA,book list marker alpha,
2,value,FV_BK_LIST_PGF,book list paragraph,
2,value,FV_BK_LIST_PGF_ALPHA,book list paragraph alpha,
2,value,FV_BK_LIST_REFERENCES,book list references,
2,value,FV_BK_LIST_TABLE,book list table,
2,value,FV_BK_NOT_GENERATABLE,book not generatable,
2,value,FV_BK_START_LEFT,book start left,
2,value,FV_BK_START_RIGHT,book start right,
2,value,FV_BK_TOC,book toc,
2,value,FV_BODY_PAGE,body page,
2,value,FV_BadEnclosingDocId,bad enclosing document id,
2,value,FV_BadImportFileName,bad import file name,
2,value,FV_BadImportFileType,bad import file type,
2,value,FV_BadImportScriptValue,bad import script value,
2,value,FV_BadTextFileTypeHint,bad text file type hint,
2,value,FV_BadUpdateBookFileId,bad update book file id,
2,value,FV_BadUpdateBookScriptValue,bad update book script value,
2,value,FV_Below,below,
2,value,FV_Body,body,
2,value,FV_BodyPage,body page,
2,value,FV_BookNotSelfConsistent,book not self consistent,
2,value,FV_CAPITAL_CASE_LOWER,capital case lower,
2,value,FV_CAPITAL_CASE_NORM,capital case norm,
2,value,FV_CB_COL_FURTHEST,change bar column furthest,
2,value,FV_CB_COL_LEFT,change bar column left,
2,value,FV_CB_COL_NEAREST,change bar column nearest,
2,value,FV_CB_COL_RIGHT,change bar column right,
2,value,FV_CMSCheckoutUI_Id_ShowDependents,content management system checkout ui id show dependents,
2,value,FV_CMSMenu_Is_Disabled,content management system menu is disabled,
2,value,FV_CMSMenu_Is_Item,content management system menu is item,
2,value,FV_CMSMenu_Is_Separator,content management system menu is separator,
2,value,FV_CMSMenu_Is_SubMenu,content management system menu is sub menu,
2,value,FV_CN_CHANGEBAR,condition changebar,
2,value,FV_COLOR_BLACK,color black,
2,value,FV_COLOR_BLUE,color blue,
2,value,FV_COLOR_CYAN,color cyan,
2,value,FV_COLOR_GREEN,color green,
2,value,FV_COLOR_KNOCKOUT,color knockout,
2,value,FV_COLOR_MAGENTA,color magenta,
2,value,FV_COLOR_NOT_RESERVED,color not reserved,
2,value,FV_COLOR_OVERPRINT,color overprint,
2,value,FV_COLOR_RED,color red,
2,value,FV_COLOR_WHITE,color white,
2,value,FV_COLOR_YELLOW,color yellow,
2,value,FV_CONTEXT_RULE,context rule,
2,value,FV_CS_DOUBLE_UNDERLINE,cs double underline,
2,value,FV_CS_NO_OVERRIDE,cs no override,
2,value,FV_CS_OVERLINE,cs overline,
2,value,FV_CS_SINGLE_UNDERLINE,cs single underline,
2,value,FV_CS_STRIKETHROUGH,cs strikethrough,
2,value,FV_CancelFileDoc,cancel file document,
2,value,FV_CancelFileFilterable,cancel file filterable,
2,value,FV_CancelFileGraphic,cancel file graphic,
2,value,FV_CancelFileMIF,cancel file mif,
2,value,FV_CancelFileSgml,cancel file sgml,
2,value,FV_CancelFileText,cancel file text,
2,value,FV_CancelFileXml,cancel file xml,
2,value,FV_CancelInconsistentNumPropsInFileInBook,cancel inconsistent number properties in file in book,
2,value,FV_CancelNonFMFileInBook,cancel non fm file in book,
2,value,FV_CancelViewOnlyFileInBook,cancel view only file in book,
2,value,FV_ChooseOpen,choose open,
2,value,FV_CmdError,command error,
2,value,FV_CmdExit,command exit,
2,value,FV_CmdGoToLink,command go to link,
2,value,FV_CmdGoToLinkFitWin,command go to link fit win,
2,value,FV_CmdGoToNew,command go to new,
2,value,FV_CmdGoToObjectId,command go to object id,
2,value,FV_CmdGoToObjectIdFitWin,command go to object id fit win,
2,value,FV_CmdGoToPage,command go to page,
2,value,FV_CmdNewLink,command new link,
2,value,FV_CmdNextPage,command next page,
2,value,FV_CmdNoop,command noop,
2,value,FV_CmdOpenLink,command open link,
2,value,FV_CmdOpenLinkFitWin,command open link fit win,
2,value,FV_CmdOpenNew,command open new,
2,value,FV_CmdOpenObjectId,command open object id,
2,value,FV_CmdOpenObjectIdFitWin,command open object id fit win,
2,value,FV_CmdOpenPage,command open page,
2,value,FV_CmdPopup,command popup,
2,value,FV_CmdPreviousLink,command previous link,
2,value,FV_CmdPreviousLinkFitWin,command previous link fit win,
2,value,FV_CmdPreviousPage,command previous page,
2,value,FV_CmdQuit,command quit,
2,value,FV_CmdQuitAll,command quit all,
2,value,FV_CmdUnknown,command unknown,
2,value,FV_DOC_TYPE_FILTER,document type filter,
2,value,FV_DOC_TYPE_MIF,document type mif,
2,value,FV_DOC_TYPE_TEXT,document type text,
2,value,FV_DT_FLOAT,dt float,
2,value,FV_DT_INTEGER,dt integer,
2,value,FV_DT_UNSPECIFIED,dt unspecified,
2,value,FV_DestFirstPage,dest first page,
2,value,FV_DestFluidFlow,dest fluid flow,
2,value,FV_DestLastPage,dest last page,
2,value,FV_DestMarker,dest marker,
2,value,FV_DestMarkerNewLink,dest marker new link,
2,value,FV_DestNowhere,dest nowhere,
2,value,FV_DestObjectId,dest object id,
2,value,FV_DestPageNum,dest page number,
2,value,FV_DestXRef,dest x reference,
2,value,FV_DisallowedImportType,disallowed import type,
2,value,FV_DoByCopy,do by copy,
2,value,FV_DoUserChoice,do user choice,
2,value,FV_DuplicateFileInBook,duplicate file in book,
2,value,FV_ELEM_ATTRVAL_INVALID,element attribute value invalid,
2,value,FV_ELEM_DISP_BRACKETS,element disp brackets,
2,value,FV_ELEM_DISP_NONE,element disp none,
2,value,FV_ELEM_DISP_TAGS,element disp tags,
2,value,FV_ELEM_EXCLUDED,element excluded,
2,value,FV_ELEM_TYPE_MISMATCH,element type mismatch,
2,value,FV_ELEM_UNDEFINED,element undefined,
2,value,FV_ENABLE_,enable,
2,value,FV_ENABLE_COPY,enable copy,
2,value,FV_ENABLE_IN_FLOW,enable in flow,
2,value,FV_ENABLE_IN_TABLE,enable in table,
2,value,FV_ENABLE_IN_TABLE_TITLE,enable in table title,
2,value,FV_ENABLE_IS_AFRAME,enable is aframe,
2,value,FV_ENABLE_IS_CELL,enable is cell,
2,value,FV_ENABLE_IS_CELLS,enable is cells,
2,value,FV_ENABLE_IS_OBJ,enable is object,
2,value,FV_ENABLE_IS_TABLE,enable is table,
2,value,FV_ENABLE_IS_TEXT_INSET,enable is text inset,
2,value,FV_ENABLE_IS_VIEW_ONLY,enable is view only,
2,value,FV_ENABLE_OBJ_PROPS,enable object properties,
2,value,FV_FAMILY_MAPPED,family mapped,
2,value,FV_FAMILY_SELECTABLE,family selectable,
2,value,FV_FAMILY_SURROGATE,family surrogate,
2,value,FV_FAMILY_VISIBLE,family visible,
2,value,FV_FO_RUBI,fo rubi,
2,value,FV_FO_RUBIGROUP,fo rubigroup,
2,value,FV_FO_SYS,fo sys,
2,value,FV_FO_UNSPECIFIED,fo unspecified,
2,value,FV_FileInBookNotOpened,file in book not opened,
2,value,FV_FileInBookNotSaved,file in book not saved,
2,value,FV_FindAnchoredFrame,find anchored frame,
2,value,FV_FindAnyMarker,find any marker,
2,value,FV_FindAnyPub,find any pub,
2,value,FV_FindAnyRubi,find any rubi,
2,value,FV_FindAnyTable,find any table,
2,value,FV_FindAnyTextInset,find any text inset,
2,value,FV_FindAnyVariable,find any variable,
2,value,FV_FindAnyXRef,find any x reference,
2,value,FV_FindAttrName,find attribute name,
2,value,FV_FindAttrValue,find attribute value,
2,value,FV_FindAutomaticHyphen,find automatic hyphen,
2,value,FV_FindElemTag,find element tag,
2,value,FV_FindFootnote,find footnote,
2,value,FV_FindUnresolvedTextInset,find unresolved text inset,
2,value,FV_FindUnresolvedXRef,find unresolved x reference,
2,value,FV_Footing,footing,
2,value,FV_Heading,heading,
2,value,FV_HypertextBadMatrixSize,hypertext bad matrix size,
2,value,FV_HypertextBadSyntaxPathSpec,hypertext bad syntax path specification,
2,value,FV_HypertextCantOpenDestFile,hypertext cant open dest file,
2,value,FV_HypertextEmptyCommand,hypertext empty command,
2,value,FV_HypertextEmptyLineInMiddleOfPopup,hypertext empty line in middle of popup,
2,value,FV_HypertextExpectedANumberParam,hypertext expected a number parameter,
2,value,FV_HypertextExtraArguments,hypertext extra arguments,
2,value,FV_HypertextFcodeInvalid,hypertext fcode invalid,
2,value,FV_HypertextFileNotMakerDoc,hypertext file not maker document,
2,value,FV_HypertextFileNotRegular,hypertext file not regular,
2,value,FV_HypertextFlowMissingLines,hypertext flow missing lines,
2,value,FV_HypertextHelpDirNotFound,hypertext help dir not found,
2,value,FV_HypertextMatrixCommandInvalid,hypertext matrix command invalid,
2,value,FV_HypertextMissingArguments,hypertext missing arguments,
2,value,FV_HypertextMissingPopupLabelItem,hypertext missing popup label item,
2,value,FV_HypertextMissingPopupMarker,hypertext missing popup marker,
2,value,FV_HypertextNoNamedFlow,hypertext no named flow,
2,value,FV_HypertextObjectIDNotFound,hypertext object id not found,
2,value,FV_HypertextPageNameNotFound,hypertext page name not found,
2,value,FV_HypertextRecursiveFlow,hypertext recursive flow,
2,value,FV_HypertextSyntaxOK,hypertext syntax ok,
2,value,FV_HypertextUnanchoredPartialPath,hypertext unanchored partial path,
2,value,FV_HypertextUnrecognizedCommand,hypertext unrecognized command,
2,value,FV_HypertextUnrecognizedObjectType,hypertext unrecognized object type,
2,value,FV_HypertextUsesDefaultText,hypertext uses default text,
2,value,FV_HypertextValid,hypertext valid,
2,value,FV_ITEM_HAS_SHIFT_COMMAND,item has shift command,
2,value,FV_ImportFileNotReadable,import file not readable,
2,value,FV_ImportedByCopy,imported by copy,
2,value,FV_ImportedFilteredFile,imported filtered file,
2,value,FV_ImportedGraphicFile,imported graphic file,
2,value,FV_ImportedMIF,imported mif,
2,value,FV_ImportedMakerDoc,imported maker document,
2,value,FV_ImportedSgmlDoc,imported sgml document,
2,value,FV_ImportedXmlDoc,imported xml document,
2,value,FV_InsertionPointInFootnote,insertion point in footnote,
2,value,FV_InsertionPointInTableCell,insertion point in table cell,
2,value,FV_InsertionPointNotInText,insertion point not in text,
2,value,FV_InsufficientMemory,insufficient memory,
2,value,FV_KeyDefFieldsTypeAll,key definition fields type all,
2,value,FV_KeyDefFieldsTypePrimary,key definition fields type primary,
2,value,FV_KeySrcTypeDitamap,key source type ditamap,
2,value,FV_KeySrcTypeNone,key source type none,
2,value,FV_LANG_,lang,
2,value,FV_LANG_NYNORSK,lang nynorsk,
2,value,FV_LEVEL_RULE,level rule,
2,value,FV_Left,left,
2,value,FV_MATH_LARGE,math large,
2,value,FV_MATH_MEDIUM,math medium,
2,value,FV_MATH_SMALL,math small,
2,value,FV_MENUITEM_,menuitem,
2,value,FV_MENUITEM_API,menuitem api,
2,value,FV_MENUITEM_MACRO,menuitem macro,
2,value,FV_MENU_COMPLETE,menu complete,
2,value,FV_MENU_CUSTOM,menu custom,
2,value,FV_MENU_DEFAULT,menu default,
2,value,FV_MENU_MENUBAR,menu menubar,
2,value,FV_MENU_POPUP,menu popup,
2,value,FV_MENU_QUICK,menu quick,
2,value,FV_MODE_ALL,mode all,
2,value,FV_MODE_MATH,mode math,
2,value,FV_MODE_NONMATH,mode nonmath,
2,value,FV_MiniTOC,mini toc,
2,value,FV_MissingScript,missing script,
2,value,FV_NO_BASE_COLOR,no base color,
2,value,FV_NUM_PERPAGE,number perpage,
2,value,FV_NUM_READ_FROM_FILE,number read from file,
2,value,FV_Narrow,narrow,
2,value,FV_NoFlowWithSpecifiedName,no flow with specified name,
2,value,FV_NoMainFlow,no main flow,
2,value,FV_NoNonGeneratedFilesInBook,no non generated files in book,
2,value,FV_NumFindElementItems,number find element items,
2,value,FV_ObjectDataLink,object data link,
2,value,FV_ObjectElement,object element,
2,value,FV_ObjectGraphic,object graphic,
2,value,FV_ObjectMarker,object marker,
2,value,FV_ObjectPgf,object paragraph,
2,value,FV_ObjectTextInset,object text inset,
2,value,FV_ObjectUnknown,object unknown,
2,value,FV_ObjectXref,object cross reference (XREF),
2,value,FV_PDFBookmarksOpenNoneLevel,pdf bookmarks open none level,
2,value,FV_PDFRegistrationMarksNone,pdf registration marks none,
2,value,FV_PGF_FIXED_B_,paragraph fixed b,
2,value,FV_PGF_FIXED_L_,paragraph fixed l,
2,value,FV_PGF_FIXED_R_,paragraph fixed r,
2,value,FV_PGF_FIXED_T_,paragraph fixed t,
2,value,FV_PREVIEW_OFF_TRACK_CHANGE,preview off track change,
2,value,FV_PREVIEW_ON_FINAL,preview on final,
2,value,FV_PREVIEW_ON_ORIGINAL,preview on original,
2,value,FV_PRINT_NO,print no,
2,value,FV_PRINT_PROCESS,print process,
2,value,FV_PRINT_SPOT,print spot,
2,value,FV_PR_ALL,pr all,
2,value,FV_PR_DEL_EMPTY,pr delete empty,
2,value,FV_PR_DONT_CHANGE,pr dont change,
2,value,FV_PR_KEEP_NUM_EVEN,pr keep number even,
2,value,FV_PR_KEEP_NUM_ODD,pr keep number odd,
2,value,FV_PR_RANGE,pr range,
2,value,FV_Proportional,proportional,
2,value,FV_RC_CHANGELIST_TAG,rc changelist tag,
2,value,FV_RC_SUB_FMTRULE,rc sub fmtrule,
2,value,FV_RC_TAG,rc tag,
2,value,FV_REFERENCE_PAGE,reference page,
2,value,FV_ROW_ANYWHERE,row anywhere,
2,value,FV_ROW_BODY,row body,
2,value,FV_ROW_FOOTING,row footing,
2,value,FV_ROW_HEADING,row heading,
2,value,FV_ROW_TOP_OF_COL,row top of column,
2,value,FV_ROW_TOP_OF_LEFT_PAGE,row top of left page,
2,value,FV_ROW_TOP_OF_PAGE,row top of page,
2,value,FV_ROW_TOP_OF_RIGHT_PAGE,row top of right page,
2,value,FV_ReferencePage,reference page,
2,value,FV_Right,right,
2,value,FV_SCROLL_FACING,scroll facing,
2,value,FV_SCROLL_HORIZONTAL,scroll horizontal,
2,value,FV_SCROLL_VARIABLE,scroll variable,
2,value,FV_SCROLL_VERTICAL,scroll vertical,
2,value,FV_SEP_NONE,separator none,
2,value,FV_SEP_NORMAL,separator normal,
2,value,FV_SEP_WHITE,separator white,
2,value,FV_TAB_RELATIVE_CENTER,tab relative center,
2,value,FV_TAB_RELATIVE_LEFT,tab relative left,
2,value,FV_TAB_RELATIVE_RIGHT,tab relative right,
2,value,FV_TYPE_BINARY,type binary,
2,value,FV_TYPE_FILTER,type filter,
2,value,FV_TYPE_MIF,type mif,
2,value,FV_TYPE_SGML,type sgml,
2,value,FV_TYPE_TEXT,type text,
2,value,FV_TYPE_XML,type xml,
2,value,FV_TextFile_EOLisEOP,text file eo lis eop,
2,value,FV_TextFile_EOLisNotEOP,text file eo lis not eop,
2,value,FV_UserCanceledImport,user canceled import,
2,value,FV_UserCanceledUpdateBook,user canceled update book,
2,value,FV_VAR_,variable,
2,value,FV_VAR_PAGE_COUNT,variable page count,
2,value,FV_VAR_TABLE_SHEET,variable table sheet,
2,value,FV_VAR_USER_VARIABLE,variable user variable,
2,value,FV_VOS_NONE,vos none,
2,value,FV_VOS_USER_ONLY,vos user only,
2,value,FV_VOS_YES,vos yes,
2,value,FV_VOX_ALERT,vox alert,
2,value,FV_VOX_GOTO_BEHAVIOR,vox goto behavior,
2,value,FV_VOX_NOT_ACTIVE,vox not active,
2,value,FV_VOX_OPEN_BEHAVIOR,vox open behavior,
2,value,FV_Wide,wide,
2,value,FV_XML_STANDALONE_NODEC,xml standalone nodec,
2,value,FV_XML_USEBOM_UTF16BE,xml usebom utf16be,
2,value,FV_XML_USEBOM_UTF16LE,xml usebom utf16le,
2,value,FV_XML_USEBOM_UTF32BE,xml usebom utf32be,
2,value,FV_XML_USEBOM_UTF32LE,xml usebom utf32le,
2,value,FV_XML_USEBOM_UTF8,xml usebom utf8,
1,value,FV_ACCESSBAR_CLOSE,accessbar close,
1,value,FV_ACCESSBAR_OPEN,accessbar open,
1,value,FV_AF_FIXED,af fixed,
1,value,FV_ANCHOR_RUN_IN,anchor run in,
1,value,FV_ANCHOR_SUBCOL_,anchor subcol,
1,value,FV_ANCHOR_SUBCOL_NEAREST,anchor subcol nearest,
1,value,FV_ANCHOR_SUBCOL_OUTSIDE,anchor subcol outside,
1,value,FV_ANCHOR_TEXTFRAME_FARTHEST,anchor textframe farthest,
1,value,FV_ANCHOR_TEXTFRAME_INSIDE,anchor textframe inside,
1,value,FV_ANCHOR_TEXTFRAME_LEFT,anchor textframe left,
1,value,FV_ANCHOR_TEXTFRAME_NEAREST,anchor textframe nearest,
1,value,FV_ANCHOR_TEXTFRAME_OUTSIDE,anchor textframe outside,
1,value,FV_ANCHOR_TEXTFRAME_RIGHT,anchor textframe right,
1,value,FV_ANSI,ansi,
1,value,FV_ASCII,ascii,
1,value,FV_AT_NUMTYPES,at numtypes,
1,value,FV_AV_ID_DUPLICATE,av id duplicate,
1,value,FV_AV_INVALID_CHOICE,av invalid choice,
1,value,FV_AV_INVALID_FORMAT,av invalid format,
1,value,FV_AV_TOO_MANY_TOKENS,av too many tokens,
1,value,FV_AlertOneButton,alert one button,
1,value,FV_AlertThreeButton,alert three button,
1,value,FV_AlertTwoButton,alert two button,
1,value,FV_AllElements,all elements,
1,value,FV_ApiClientCanceledExport,api client canceled export,
1,value,FV_AutoSaveFileUsed,auto save file used,
1,value,FV_BIG5,big5,
1,value,FV_BK_BOOK,book book,
1,value,FV_BK_BOOKMAP,book bookmap,
1,value,FV_BK_DITAMAP,book ditamap,
1,value,FV_BK_GENERAL,book general,
1,value,FV_BK_NUM_BOOK_LIST,book number book list,
1,value,FV_BK_START_FROM_,book start from,
1,value,FV_BK_START_FROM_FILE,book start from file,
1,value,FV_BK_START_NEXT_AVAILABLE,book start next available,
1,value,FV_BadExportDocId,bad export document id,
1,value,FV_BadExportFileName,bad export file name,
1,value,FV_BadExportObjectId,bad export object id,
1,value,FV_BadExportScriptValue,bad export script value,
1,value,FV_BadFileName,bad file name,
1,value,FV_BadFileRefsWereMapped,bad file refs were mapped,
1,value,FV_BadFileType,bad file type,
1,value,FV_BadSaveObjectId,bad save object id,
1,value,FV_BadSaveScriptValue,bad save script value,
1,value,FV_BadScriptValue,bad script value,
1,value,FV_BadTemplate,bad template,
1,value,FV_BeefyDoc,beefy document,
1,value,FV_BrowseCmsOnly,browse content management system only,
1,value,FV_BrowseLocalOnly,browse local only,
1,value,FV_CHAR_CATALOG,character catalog,
1,value,FV_CMSCheckinUI,content management system checkin ui,
1,value,FV_CMSCheckinUI_Id_CheckinComment,content management system checkin ui id checkin comment,
1,value,FV_CMSCheckinUI_Id_Description,content management system checkin ui id description,
1,value,FV_CMSCheckinUI_Id_MajorVersion,content management system checkin ui id major version,
1,value,FV_CMSCheckinUI_Id_MakeThisCurrentVersion,content management system checkin ui id make this current version,
1,value,FV_CMSCheckinUI_Id_MinorVersion,content management system checkin ui id minor version,
1,value,FV_CMSCheckinUI_Id_SameVersion,content management system checkin ui id same version,
1,value,FV_CMSCheckinUI_Id_VersionLabel,content management system checkin ui id version label,
1,value,FV_CMSCommandAdvancedSearchStringId,content management system command advanced search string id,
1,value,FV_CMSCommandCheckinCommentId,content management system command checkin comment id,
1,value,FV_CMSCommandCheckinDescriptionId,content management system command checkin description id,
1,value,FV_CMSCommandCheckinKeepLocalCopyId,content management system command checkin keep local copy id,
1,value,FV_CMSCommandCheckinMakeCurrentVersionId,content management system command checkin make current version id,
1,value,FV_CMSCommandCheckinMinorVersionId,content management system command checkin minor version id,
1,value,FV_CMSCommandCheckinVersionLabelId,content management system command checkin version label id,
1,value,FV_CMSCommandCheckoutWithDescendentId,content management system command checkout with descendent id,
1,value,FV_CMSCommandConnTypeId,content management system command conn type id,
1,value,FV_CMSCommandDeleteAllDependentsId,content management system command delete all dependents id,
1,value,FV_CMSCommandDeleteAllVersionId,content management system command delete all version id,
1,value,FV_CMSCommandFilePathId,content management system command file path id,
1,value,FV_CMSCommandId,content management system command id,
1,value,FV_CMSCommandId_Max,content management system command id max,
1,value,FV_CMSCommandId_Min,content management system command id min,
1,value,FV_CMSCommandNameId,content management system command name id,
1,value,FV_CMSCommandOpenReadOnlyId,content management system command open read only id,
1,value,FV_CMSCommandPasswordId,content management system command password id,
1,value,FV_CMSCommandRepositoryId,content management system command repository id,
1,value,FV_CMSCommandSearchStringId,content management system command search string id,
1,value,FV_CMSCommandServerId,content management system command server id,
1,value,FV_CMSCommandSilentOpenId,content management system command silent open id,
1,value,FV_CMSCommandUserField1,content management system command user field1,
1,value,FV_CMSCommandUserField2,content management system command user field2,
1,value,FV_CMSCommandUserNameId,content management system command user name id,
1,value,FV_CMSContextMenuId,content management system context menu id,
1,value,FV_CMSContextMenuString,content management system context menu string,
1,value,FV_CMSDeleteUI_DeleteAllDependents,content management system delete ui delete all dependents,
1,value,FV_CMSDeleteUI_DeleteAllVersion,content management system delete ui delete all version,
1,value,FV_CMSItemFileTypeValue_DitaMap,content management system item file type value dita map,
1,value,FV_CMSItemFileTypeValue_DitaTopic,content management system item file type value dita topic,
1,value,FV_CMSItemFileTypeValue_FmBook,content management system item file type value fm book,
1,value,FV_CMSItemFileTypeValue_FmDoc,content management system item file type value fm document,
1,value,FV_CMSItemFileTypeValue_General,content management system item file type value general,
1,value,FV_CMSItemFileTypeValue_Img,content management system item file type value img,
1,value,FV_CMSItemFileTypeValue_M,content management system item file type value m,
1,value,FV_CMSItemFileTypeValue_Max,content management system item file type value max,
1,value,FV_CMSItemFileTypeValue_Mif,content management system item file type value mif,
1,value,FV_CMSItemFileTypeValue_Min,content management system item file type value min,
1,value,FV_CMSItemFileTypeValue_Text,content management system item file type value text,
1,value,FV_CMSItemFileTypeValue_Xml,content management system item file type value xml,
1,value,FV_CMSItemTypeValue_File,content management system item type value file,
1,value,FV_CMSItemTypeValue_Folder,content management system item type value folder,
1,value,FV_CMSItemTypeValue_General,content management system item type value general,
1,value,FV_CMSItemTypeValue_Max,content management system item type value max,
1,value,FV_CMSItemTypeValue_Min,content management system item type value min,
1,value,FV_CMSItemTypeValue_Root,content management system item type value root,
1,value,FV_CMSMajorVersion,content management system major version,
1,value,FV_CMSMenu_Max,content management system menu max,
1,value,FV_CMSMenu_Min,content management system menu min,
1,value,FV_CMSMinorVersion,content management system minor version,
1,value,FV_CMSOp,content management system op,
1,value,FV_CMSOpChildAdded,content management system op child added,
1,value,FV_CMSOpDependentsDeleted,content management system op dependents deleted,
1,value,FV_CMSOpDependentsUpdated,content management system op dependents updated,
1,value,FV_CMSOpItemDeleted,content management system op item deleted,
1,value,FV_CMSOpItemUpdated,content management system op item updated,
1,value,FV_CMSOpNone,content management system op none,
1,value,FV_CMSOpRootUpdated,content management system op root updated,
1,value,FV_CMSSameVersion,content management system same version,
1,value,FV_CMSSilentOperation,content management system silent operation,
1,value,FV_CMSVersion_Max,content management system version max,
1,value,FV_CMSVersion_Min,content management system version min,
1,value,FV_CN,condition,
1,value,FV_CN_N,condition n,
1,value,FV_CN_NUMERIC_UNDERLINE,condition numeric underline,
1,value,FV_COLOR_DARKGREY,color darkgrey,
1,value,FV_COLOR_DARKYELLOW,color darkyellow,
1,value,FV_COLOR_FORESTGREEN,color forestgreen,
1,value,FV_COLOR_LIGHTSALMON,color lightsalmon,
1,value,FV_COLOR_MAUVE,color mauve,
1,value,FV_COLOR_PALEGREEN,color palegreen,
1,value,FV_COLOR_ROYALBLUE,color royalblue,
1,value,FV_COLOR_SALMON,color salmon,
1,value,FV_CS,cs,
1,value,FV_CS_CHANGEBAR,cs changebar,
1,value,FV_CS_NUMERIC_UNDERLINE,cs numeric underline,
1,value,FV_CancelBeefyDoc,cancel beefy document,
1,value,FV_CancelBook,cancel book,
1,value,FV_CancelBookMIF,cancel book mif,
1,value,FV_CancelFileBrowser,cancel file browser,
1,value,FV_CancelFileHasStructure,cancel file has structure,
1,value,FV_CancelFileIsDoc,cancel file is document,
1,value,FV_CancelFileIsFilterable,cancel file is filterable,
1,value,FV_CancelFileIsInUse,cancel file is in use,
1,value,FV_CancelFileIsMIF,cancel file is mif,
1,value,FV_CancelFileIsMacEdition,cancel file is mac edition,
1,value,FV_CancelFileIsOldVersion,cancel file is old version,
1,value,FV_CancelFileIsSgml,cancel file is sgml,
1,value,FV_CancelFileIsText,cancel file is text,
1,value,FV_CancelFileIsXml,cancel file is xml,
1,value,FV_CancelFileMacEdition,cancel file mac edition,
1,value,FV_CancelFontMetricsChanged,cancel font metrics changed,
1,value,FV_CancelFontsMapped,cancel fonts mapped,
1,value,FV_CancelFontsMappedInCatalog,cancel fonts mapped in catalog,
1,value,FV_CancelFontsWithUnavailableEncodings,cancel fonts with unavailable encodings,
1,value,FV_CancelImportBrowser,cancel import browser,
1,value,FV_CancelLanguagesNotFound,cancel languages not found,
1,value,FV_CancelOpenFileNotWritable,cancel open file not writable,
1,value,FV_CancelSaveExportedFileInvalid,cancel save exported file invalid,
1,value,FV_CancelSaveFileNotWritable,cancel save file not writable,
1,value,FV_CancelTempDiskFull,cancel temp disk full,
1,value,FV_CancelUseAutoSaveFile,cancel use auto save file,
1,value,FV_CancelUseRecoverFile,cancel use recover file,
1,value,FV_CanceledExportObjectNeedsDpi,canceled export object needs dots per inch,
1,value,FV_CantForceImportAsText,cant force import as text,
1,value,FV_CantForceOpenAsText,cant force open as text,
1,value,FV_CantNewBooks,cant new books,
1,value,FV_CantOpenBooksFluid,cant open books fluid,
1,value,FV_CantOpenBooksViewOnly,cant open books view only,
1,value,FV_ChangePersonalDictionary,change personal dictionary,
1,value,FV_CheckCurrentPage,check current page,
1,value,FV_CheckDocument,check document,
1,value,FV_ChecksumDamage,checksum damage,
1,value,FV_ChooseMultiOpen,choose multi open,
1,value,FV_ChooseMultiSelect,choose multi select,
1,value,FV_ChooseOpenDir,choose open dir,
1,value,FV_ChooseSave,choose save,
1,value,FV_ClearDocDictionary,clear document dictionary,
1,value,FV_Cmd,command,
1,value,FV_CmdApplyMathRules,command apply math rules,
1,value,FV_CmdBeginRange,command begin range,
1,value,FV_CmdEndRange,command end range,
1,value,FV_CmdFCodes,command f codes,
1,value,FV_CmdHelpLink,command help link,
1,value,FV_CmdInCodes,command in codes,
1,value,FV_CmdMultiMedia,command multi media,
1,value,FV_CmdNative,command native,
1,value,FV_CmdNotTyped,command not typed,
1,value,FV_CmdOpenXmlElementId,command open xml element id,
1,value,FV_CmdOutCodes,command out codes,
1,value,FV_CmdThesaurusLookup,command thesaurus lookup,
1,value,FV_DIALOG_DOCK_ALL,dialog dock all,
1,value,FV_DIALOG_DOCK_BOTTOM,dialog dock bottom,
1,value,FV_DIALOG_DOCK_LEFT,dialog dock left,
1,value,FV_DIALOG_DOCK_NONE,dialog dock none,
1,value,FV_DIALOG_DOCK_RIGHT,dialog dock right,
1,value,FV_DIALOG_DOCK_TOP,dialog dock top,
1,value,FV_DIALOG_GROUP_,dialog group,
1,value,FV_DIALOG_GROUP_ALL,dialog group all,
1,value,FV_DIALOG_GROUP_EDIT,dialog group edit,
1,value,FV_DIALOG_GROUP_NONE,dialog group none,
1,value,FV_DIALOG_GROUP_PODS,dialog group pods,
1,value,FV_DIALOG_GROUP_RIGHT_BOTTOM,dialog group right bottom,
1,value,FV_DIALOG_GROUP_RMKITS,dialog group rmkits,
1,value,FV_DIALOG_GROUP_SPECIAL,dialog group special,
1,value,FV_DITAObjTypeAuto,dita object type auto,
1,value,FV_DITAObjTypeConref,dita object type conref,
1,value,FV_DITAObjTypeLink,dita object type link,
1,value,FV_DITAObjTypeMax,dita object type max,
1,value,FV_DITAObjTypeTopicref,dita object type topicref,
1,value,FV_DITAObjTypeTopicsetref,dita object type topicsetref,
1,value,FV_DITAObjTypeXref,dita object type cross reference (XREF),
1,value,FV_DITA_TYPE_ANCHOR,dita type anchor,
1,value,FV_DITA_TYPE_GENERAL,dita type general,
1,value,FV_DITA_TYPE_KEYDEF,dita type keydef,
1,value,FV_DITA_TYPE_MAPREF,dita type mapref,
1,value,FV_DITA_TYPE_NAVREF,dita type navref,
1,value,FV_DITA_TYPE_RELTABLE,dita type reltable,
1,value,FV_DITA_TYPE_TITLE,dita type title,
1,value,FV_DITA_TYPE_TOPICGROUP,dita type topicgroup,
1,value,FV_DITA_TYPE_TOPICHEAD,dita type topichead,
1,value,FV_DITA_TYPE_TOPICREF,dita type topicref,
1,value,FV_DITA_TYPE_TOPICSET,dita type topicset,
1,value,FV_DITA_TYPE_TOPICSETREF,dita type topicsetref,
1,value,FV_DO,do,
1,value,FV_DT_,dt,
1,value,FV_DT_NUMTYPES,dt numtypes,
1,value,FV_DeleteEmptyPages,delete empty pages,
1,value,FV_DisallowedType,disallowed type,
1,value,FV_Dlg,dialog,
1,value,FV_DlgClose,dialog close,
1,value,FV_DlgEnter,dialog enter,
1,value,FV_DlgHide,dialog hide,
1,value,FV_DlgInit,dialog initialize,
1,value,FV_DlgNeedsUpdate,dialog needs update,
1,value,FV_DlgNextPage,dialog next page,
1,value,FV_DlgNoChange,dialog no change,
1,value,FV_DlgOptActive,dialog opt active,
1,value,FV_DlgOptDontCare,dialog opt dont care,
1,value,FV_DlgOptNotActive,dialog opt not active,
1,value,FV_DlgPrefCommit,dialog pref commit,
1,value,FV_DlgPrefSetInitialState,dialog pref set initial state,
1,value,FV_DlgPrefVerify,dialog pref verify,
1,value,FV_DlgPrevPage,dialog previous page,
1,value,FV_DlgReset,dialog reset,
1,value,FV_DlgResize,dialog resize,
1,value,FV_DlgShow,dialog show,
1,value,FV_DlgUndo,dialog undo,
1,value,FV_DoUserPreference,do user preference,
1,value,FV_DoYes,do yes,
1,value,FV_DocDamagedByTextFilter,document damaged by text filter,
1,value,FV_DocHeadersDamaged,document headers damaged,
1,value,FV_DocKeyCatalogTypeDefault,document key catalog type default,
1,value,FV_DocKeyCatalogTypeMax,document key catalog type max,
1,value,FV_DocKeyCatalogTypeNone,document key catalog type none,
1,value,FV_DocKeyCatalogTypeSpecified,document key catalog type specified,
1,value,FV_DocWrongSize,document wrong size,
1,value,FV_DocumentDictionary,document dictionary,
1,value,FV_DontChangePageCount,dont change page count,
1,value,FV_EDT_AFTER,edt after,
1,value,FV_EDT_ALL,edt all,
1,value,FV_EDT_ANY,edt any,
1,value,FV_EDT_ATTRGRPO,edt attrgrpo,
1,value,FV_EDT_BEFORE,edt before,
1,value,FV_EDT_BETWEEN,edt between,
1,value,FV_EDT_ELEMENT,edt element,
1,value,FV_EDT_FIRST,edt first,
1,value,FV_EDT_INSERTPAR,edt insertpar,
1,value,FV_EDT_LAST,edt last,
1,value,FV_EDT_MIDDLE,edt middle,
1,value,FV_EDT_NOTFIRST,edt notfirst,
1,value,FV_EDT_NOTLAST,edt notlast,
1,value,FV_EDT_ONLY,edt only,
1,value,FV_EDT_TEXT,edt text,
1,value,FV_EDT_TEXTONLY,edt textonly,
1,value,FV_ELEMENT_CATALOG,element catalog,
1,value,FV_ELEM_ATTRVAL_REQUIRED,element attribute value required,
1,value,FV_ELEM_BOOK_COM,element book com,
1,value,FV_ELEM_BOOK_COMP_MISSING,element book comp missing,
1,value,FV_ELEM_CONTENT_,element content,
1,value,FV_ELEM_CONTENT_LOOSELY,element content loosely,
1,value,FV_ELEM_CONTENT_MUST_BE_EMPTY,element content must be empty,
1,value,FV_ELEM_CONTENT_STRICTLY,element content strictly,
1,value,FV_ELEM_CONTENT_STRICTLY_VALID,element content strictly valid,
1,value,FV_ELEM_HAS_TEXT_,element has text,
1,value,FV_ELEM_HAS_TEXT_INVALID,element has text invalid,
1,value,FV_ELEM_INVALID_AT_POSITION,element invalid at position,
1,value,FV_ELEM_INVALID_IN_PARENT,element invalid in parent,
1,value,FV_ELEM_INVISIBLE_ATTRVAL,element invisible attribute value,
1,value,FV_ELEM_MISSING_,element missing,
1,value,FV_ELEM_MISSING_CONTENT,element missing content,
1,value,FV_ENABLE_ALWAYS_DISABLE,enable always disable,
1,value,FV_ENABLE_ALWAYS_ENABLE,enable always enable,
1,value,FV_ENABLE_CAN_PASTE,enable can paste,
1,value,FV_ENABLE_COPY_,enable copy,
1,value,FV_ENABLE_COPY_FONT,enable copy font,
1,value,FV_ENABLE_IN_CELL_,enable in cell,
1,value,FV_ENABLE_IN_CELL_TEXT,enable in cell text,
1,value,FV_ENABLE_IN_MATH,enable in math,
1,value,FV_ENABLE_IN_PARA_TEXT,enable in para text,
1,value,FV_ENABLE_IN_TEXT,enable in text,
1,value,FV_ENABLE_IN_TEXT_LINE,enable in text line,
1,value,FV_ENABLE_IS_GRAPHIC_INSET,enable is graphic inset,
1,value,FV_ENABLE_IS_OR_IN_FRAME,enable is or in frame,
1,value,FV_ENABLE_IS_TEXT_,enable is text,
1,value,FV_ENABLE_IS_TEXT_FRAME,enable is text frame,
1,value,FV_ENABLE_IS_TEXT_SEL,enable is text selection,
1,value,FV_ENABLE_NEEDS_,enable needs,
1,value,FV_ENABLE_NEEDS_DOCP_ONLY,enable needs docp only,
1,value,FV_ENABLE_NEEDS_DOCP_OR_BOOKP,enable needs docp or bookp,
1,value,FV_ENUMERATE_BOOKCOMP,enumerate bookcomp,
1,value,FV_EUC,euc,
1,value,FV_EUC_CNS,euc cns,
1,value,FV_EditableCopyOpened,editable copy opened,
1,value,FV_Element,element,
1,value,FV_ElementsOfType,elements of type,
1,value,FV_Ev,ev,
1,value,FV_EvCaps,ev caps,
1,value,FV_EvCommand,ev command,
1,value,FV_EvControl,ev control,
1,value,FV_EvMax,ev max,
1,value,FV_EvMeta,ev meta,
1,value,FV_EvOption,ev option,
1,value,FV_EvShift,ev shift,
1,value,FV_ExportDocument,export document,
1,value,FV_ExportFileHasNewName,export file has new name,
1,value,FV_ExportFileNotWritable,export file not writable,
1,value,FV_ExportObject,export object,
1,value,FV_ExportProductIsViewer,export product is viewer,
1,value,FV_FAMILY_,family,
1,value,FV_FIT_WINDOW_TO_PAGE,fit window to page,
1,value,FV_FN_NUM_FULL_WIDTH,footnote number full width,
1,value,FV_FO,fo,
1,value,FV_FORMATBAR_CLOSE,formatbar close,
1,value,FV_FORMATBAR_OPEN,formatbar open,
1,value,FV_FO_,fo,
1,value,FV_FO_NUMTYPES,fo numtypes,
1,value,FV_FO_RUBI_GROUP,fo rubi group,
1,value,FV_FO_TEXTNODE,fo textnode,
1,value,FV_FileAlreadyOpen,file already open,
1,value,FV_FileAlreadyOpenThisSession,file already open this session,
1,value,FV_FileHadStructure,file had structure,
1,value,FV_FileHasNewName,file has new name,
1,value,FV_FileIsNotWritable,file is not writable,
1,value,FV_FileIsOldVersion,file is old version,
1,value,FV_FileIsText,file is text,
1,value,FV_FileModDateChanged,file mod date changed,
1,value,FV_FileNotReadable,file not readable,
1,value,FV_FileStructureStripped,file structure stripped,
1,value,FV_FileTypeBinaryBook,file type binary book,
1,value,FV_FileTypeBinaryDoc,file type binary document,
1,value,FV_FileTypeCompositeDoc,file type composite document,
1,value,FV_FileTypeEquation,file type equation,
1,value,FV_FileTypeErrorDoc,file type error document,
1,value,FV_FileTypeFilter,file type filter,
1,value,FV_FileTypeFolder,file type folder,
1,value,FV_FileTypeGeneral,file type general,
1,value,FV_FileTypeMif,file type mif,
1,value,FV_FileTypeSgml,file type sgml,
1,value,FV_FileTypeSummaryDoc,file type summary document,
1,value,FV_FileTypeText,file type text,
1,value,FV_FileTypeThesaurus,file type thesaurus,
1,value,FV_FileTypeXml,file type xml,
1,value,FV_FileWasExported,file was exported,
1,value,FV_FileWasFiltered,file was filtered,
1,value,FV_FileWasInUse,file was in use,
1,value,FV_FilterFailed,filter failed,
1,value,FV_FindCharacterFormatOverride,find character format override,
1,value,FV_FindPgfFormatOverride,find paragraph format override,
1,value,FV_FindTableFormatOverride,find table format override,
1,value,FV_FlowUnstructured,flow unstructured,
1,value,FV_FontMetricsChanged,font metrics changed,
1,value,FV_FontsMappedInCatalog,fonts mapped in catalog,
1,value,FV_FontsWereMapped,fonts were mapped,
1,value,FV_FontsWithUnavailableEncodingsUsed,fonts with unavailable encodings used,
1,value,FV_GB,gb,
1,value,FV_GRAPHIC,graphic,
1,value,FV_GRAPHICS_CATALOG,graphics catalog,
1,value,FV_GetDictionaryStrings,get dictionary strings,
1,value,FV_HELP_CONTEXT,help context,
1,value,FV_HELP_HYPERTEXT,help hypertext,
1,value,FV_HELP_INDEX,help index,
1,value,FV_HELP_INIT_CONTEXT,help initialize context,
1,value,FV_HELP_KEYS,help keys,
1,value,FV_HELP_ONLINE_MANUALS,help online manuals,
1,value,FV_HELP_OVERVIEW,help overview,
1,value,FV_HELP_SAMPLES,help samples,
1,value,FV_HELP_WEBWORKS,help webworks,
1,value,FV_HIST,hist,
1,value,FV_HZ,hz,
1,value,FV_Hint_FilterName,hint filter name,
1,value,FV_Hint_FilterVersion,hint filter version,
1,value,FV_Hint_FormatId,hint format id,
1,value,FV_Hint_HintVersion,hint hint version,
1,value,FV_Hint_Platform,hint platform,
1,value,FV_Hint_VendorId,hint vendor id,
1,value,FV_HypertextCommandIllegalWithinPopup,hypertext command illegal within popup,
1,value,FV_HypertextDestinationLinkNotFound,hypertext destination link not found,
1,value,FV_HypertextDuplicateLinkNa,hypertext duplicate link na,
1,value,FV_INTERACT_ROTATE,interact rotate,
1,value,FV_ITEM_HAS_NO_,item has no,
1,value,FV_ITEM_HAS_NO_SHIFT_OR,item has no shift or,
1,value,FV_ITEM_HAS_UNSHIFT_COMMAND,item has unshift command,
1,value,FV_ImportTextTable,import text table,
1,value,FV_ImportedMacEdition,imported mac edition,
1,value,FV_ImportedText,imported text,
1,value,FV_ImportedTextTable,imported text table,
1,value,FV_InsufficientMem,insufficient mem,
1,value,FV_InvalidExportFilter,invalid export filter,
1,value,FV_InvalidTextRange,invalid text range,
1,value,FV_IsoLatin,iso latin,
1,value,FV_JIS,jis,
1,value,FV_KeyCatalogWorkflowAuthoring,key catalog workflow authoring,
1,value,FV_KeyCatalogWorkflowMax,key catalog workflow max,
1,value,FV_KeyCatalogWorkflowPublishing,key catalog workflow publishing,
1,value,FV_KeyCatalogWorkflowSearching,key catalog workflow searching,
1,value,FV_KeyDefFieldSize,key definition field size,
1,value,FV_KeyDefFieldsTypeMax,key definition fields type max,
1,value,FV_KeyDefMaxFields,key definition max fields,
1,value,FV_KeyDefMaxPrimaryFields,key definition max primary fields,
1,value,FV_KeySrcTy,key source ty,
1,value,FV_KeySrcTypeDitamapType,key source type ditamap type,
1,value,FV_KeydefKeyAttrsType,keydef key attrs type,
1,value,FV_KeydefKeyDefaultTextType,keydef key default text type,
1,value,FV_KeydefKeyDuplicateType,keydef key duplicate type,
1,value,FV_KeydefKeyFoundInRefFileType,keydef key found in reference file type,
1,value,FV_KeydefKeyInValidType,keydef key in valid type,
1,value,FV_KeydefKeySrcFileType,keydef key source file type,
1,value,FV_KeydefKeySrcTypeType,keydef key source type type,
1,value,FV_KeydefKeyTagType,keydef key tag type,
1,value,FV_KeydefKeyTargetType,keydef key target type,
1,value,FV_KeydefKeyVarListType,keydef key variable list type,
1,value,FV_KeydefVariableInfoLen,keydef variable info length,
1,value,FV_KeydefVariableInfoTagPrimary,keydef variable info tag primary,
1,value,FV_KeydefVariableInfoTagSecondary,keydef variable info tag secondary,
1,value,FV_KeydefVariableInfoText,keydef variable info text,
1,value,FV_Korean,korean,
1,value,FV_LANG_BULGARIAN,lang bulgarian,
1,value,FV_LANG_CROATIAN,lang croatian,
1,value,FV_LANG_CZECH,lang czech,
1,value,FV_LANG_ESTONIAN,lang estonian,
1,value,FV_LANG_GREEK,lang greek,
1,value,FV_LANG_HUNGARIAN,lang hungarian,
1,value,FV_LANG_JAPANESEmap,lang japanes emap,
1,value,FV_LANG_LATVIAN,lang latvian,
1,value,FV_LANG_LITHUANIAN,lang lithuanian,
1,value,FV_LANG_NEW_DUTCH,lang new dutch,
1,value,FV_LANG_NEW_GERMAN,lang new german,
1,value,FV_LANG_NORWE,lang norwe,
1,value,FV_LANG_NUM,lang number,
1,value,FV_LANG_POLISH,lang polish,
1,value,FV_LANG_ROMANIAN,lang romanian,
1,value,FV_LANG_RUSSIAN,lang russian,
1,value,FV_LANG_SLOVAK,lang slovak,
1,value,FV_LANG_SLOVENIAN,lang slovenian,
1,value,FV_LANG_TURKISH,lang turkish,
1,value,FV_LEVELS_ALL,levels all,
1,value,FV_LEVELS_DEFAULT,levels default,
1,value,FV_LanguagesWerentFound,languages werent found,
1,value,FV_ListViewActionMax,list view action max,
1,value,FV_ListViewAddColumn,list view add column,
1,value,FV_ListViewAddColumnNumParams,list view add column number parameters,
1,value,FV_ListViewAddColumnParam,list view add column parameter,
1,value,FV_ListViewAddRow,list view add row,
1,value,FV_ListViewAddRowNumParams,list view add row number parameters,
1,value,FV_ListViewAddRowParam1,list view add row param1,
1,value,FV_ListViewDeleteAllRows,list view delete all rows,
1,value,FV_ListViewDeleteAllRowsNumParams,list view delete all rows number parameters,
1,value,FV_ListViewInit,list view initialize,
1,value,FV_ListViewInitNumParams,list view initialize number parameters,
1,value,FV_ListViewReSortAllRows,list view re sort all rows,
1,value,FV_ListViewReSortAllRowsNumParams,list view re sort all rows number parameters,
1,value,FV_ListViewSelectFirstRow,list view select first row,
1,value,FV_ListViewSelectRowFromColData,list view select row from column data,
1,value,FV_ListViewSelectRowFromRowID,list view select row from row id,
1,value,FV_ListViewSetSortEnabled,list view set sort enabled,
1,value,FV_LockWasInvalid,lock was invalid,
1,value,FV_MATH,math,
1,value,FV_MENUITEM_EXPANDOMATIC,menuitem expandomatic,
1,value,FV_MENUITEM_FRAME,menuitem frame,
1,value,FV_MENU_ADHOCRULER,menu adhocruler,
1,value,FV_MacANSI,mac ansi,
1,value,FV_MakePageCountEven,make page count even,
1,value,FV_MakePageCountOdd,make page count odd,
1,value,FV_MergeDictionaryContents,merge dictionary contents,
1,value,FV_MissingExportScript,missing export script,
1,value,FV_MissingImportScript,missing import script,
1,value,FV_ModeSave,mode save,
1,value,FV_ModeSaveAs,mode save as,
1,value,FV_NARROW,narrow,
1,value,FV_NO_ZOOM_MANGLING,no zoom mangling,
1,value,FV_NUMSTYLE_FULLWIDTH,numstyle fullwidth,
1,value,FV_NUM_PER_PAGE,number per page,
1,value,FV_NumExportStatusFields,number export status fields,
1,value,FV_NumImportStatusFields,number import status fields,
1,value,FV_NumOpenStatusFields,number open status fields,
1,value,FV_NumSaveStatusFields,number save status fields,
1,value,FV_NumUpdateBookStatusFields,number update book status fields,
1,value,FV_OVERRIDDEN_CONREF_DUCT,overridden conref duct,
1,value,FV_OVERRIDDEN_DEFAULT,overridden default,
1,value,FV_OVERRIDDEN_KEYDEF_TO,overridden keydef to,
1,value,FV_OVERRIDDEN_NOVALUE,overridden novalue,
1,value,FV_OpenEditableCopy,open editable copy,
1,value,FV_OpenViewOnly,open view only,
1,value,FV_OpenedFluid,opened fluid,
1,value,FV_OpenedViewOnly,opened view only,
1,value,FV_PAGE_NUM_FULLWIDTH,page number fullwidth,
1,value,FV_PDFRegistrationMarks,pdf registration marks,
1,value,FV_PDFRegistrationMarksMax,pdf registration marks max,
1,value,FV_PDFZoomMaxValue,pdf zoom max value,
1,value,FV_PGF_,paragraph,
1,value,FV_PGF_CATALOG,paragraph catalog,
1,value,FV_PGF_FIXED_L_MARGIN,paragraph fixed l margin,
1,value,FV_PGF_FIXED_R_MARGIN,paragraph fixed r margin,
1,value,FV_PGF_FIXED_T_MARGIN,paragraph fixed t margin,
1,value,FV_PGF_SIDEHEAD_FIRST_BASELINE,paragraph sidehead first baseline,
1,value,FV_PGF_STRADDLE_NORMAL,paragraph straddle normal,
1,value,FV_POINT_PAGE_FULLWIDTH,point page fullwidth,
1,value,FV_POINT_PAGE_NUM_DAIJI,point page number daiji,
1,value,FV_POINT_PAGE_NUM_KANJI,point page number kanji,
1,value,FV_PRODUCT_ALL,product all,
1,value,FV_PRODUCT_STRUCTURED,product structured,
1,value,FV_PRODUCT_XMLAUTHOR,product xmlauthor,
1,value,FV_PROPORTIONAL,proportional,
1,value,FV_PR_DOWNLOAD_ALL,pr download all,
1,value,FV_PR_DOWNLOAD_ALL_BUT,pr download all but,
1,value,FV_PR_DOWNLOAD_NONE,pr download none,
1,value,FV_ProductIsMaker,product is maker,
1,value,FV_ProductIsViewer,product is viewer,
1,value,FV_RC_SUB_FMTRUL,rc sub fmtrul,
1,value,FV_RecoverFileUsed,recover file used,
1,value,FV_RedoAll,redo all,
1,value,FV_ReferencedFilesWerentFound,referenced files werent found,
1,value,FV_Reset,reset,
1,value,FV_SH_,sh,
1,value,FV_SaveAsNameAskUser,save as name ask user,
1,value,FV_SaveAsNameProvided,save as name provided,
1,value,FV_SaveAsUseFileName,save as use file name,
1,value,FV_SaveFmtBinary,save format binary,
1,value,FV_SaveFmtBinary100,save format binary100,
1,value,FV_SaveFmtBinary110,save format binary110,
1,value,FV_SaveFmtBinary120,save format binary120,
1,value,FV_SaveFmtBinary130,save format binary130,
1,value,FV_SaveFmtBinary140,save format binary140,
1,value,FV_SaveFmtBinary150,save format binary150,
1,value,FV_SaveFmtBinary160,save format binary160,
1,value,FV_SaveFmtBinary170,save format binary170,
1,value,FV_SaveFmtBinary60,save format binary60,
1,value,FV_SaveFmtBinary70,save format binary70,
1,value,FV_SaveFmtBinary80,save format binary80,
1,value,FV_SaveFmtBinary90,save format binary90,
1,value,FV_SaveFmtBookWithFm,save format book with fm,
1,value,FV_SaveFmtBookWithXml,save format book with xml,
1,value,FV_SaveFmtCompositeDoc,save format composite document,
1,value,FV_SaveFmtFilter,save format filter,
1,value,FV_SaveFmtInterchange,save format interchange,
1,value,FV_SaveFmtInterchange100,save format interchange100,
1,value,FV_SaveFmtInterchange110,save format interchange110,
1,value,FV_SaveFmtInterchange120,save format interchange120,
1,value,FV_SaveFmtInterchange130,save format interchange130,
1,value,FV_SaveFmtInterchange140,save format interchange140,
1,value,FV_SaveFmtInterchange150,save format interchange150,
1,value,FV_SaveFmtInterchange160,save format interchange160,
1,value,FV_SaveFmtInterchange170,save format interchange170,
1,value,FV_SaveFmtInterchange70,save format interchange70,
1,value,FV_SaveFmtInterchange80,save format interchange80,
1,value,FV_SaveFmtInterchange90,save format interchange90,
1,value,FV_SaveFmtPdf,save format pdf,
1,value,FV_SaveFmtSgml,save format sgml,
1,value,FV_SaveFmtStationery,save format stationery,
1,value,FV_SaveFmtText,save format text,
1,value,FV_SaveFmtViewOnly,save format view only,
1,value,FV_SaveFmtXml,save format xml,
1,value,FV_SaveNoAutoBackup,save no auto backup,
1,value,FV_SaveSkipTbls,save skip tbls,
1,value,FV_SaveTblColsAsPgfs,save table columns as pgfs,
1,value,FV_SaveTblRowsAsPgfs,save table rows as pgfs,
1,value,FV_SaveTblUserPref,save table user pref,
1,value,FV_SaveUserPrefAutoBackup,save user pref auto backup,
1,value,FV_SaveYesAutoBackup,save yes auto backup,
1,value,FV_SetDictionaryToNoneDictionary,set dictionary to none dictionary,
1,value,FV_Shitf_JIS,shitf jis,
1,value,FV_ShowAll,show all,
1,value,FV_ShowAsPerConditions,show as per conditions,
1,value,FV_ShowAsPerExpression,show as per expression,
1,value,FV_SpellCapitalization,spell capitalization,
1,value,FV_SpellExtraSpace,spell extra space,
1,value,FV_SpellHyphenation,spell hyphenation,
1,value,FV_SpellMisspelling,spell misspelling,
1,value,FV_SpellRepeatedLetter,spell repeated letter,
1,value,FV_SpellRepeatedWord,spell repeated word,
1,value,FV_SpellSpaceAfter,spell space after,
1,value,FV_SpellSpaceBefore,spell space before,
1,value,FV_SpellStraightQuotes,spell straight quotes,
1,value,FV_StripStructureAndOpen,strip structure and open,
1,value,FV_TAB_RELATIVE_,tab relative,
1,value,FV_TAB_RELATIVE_DECIMAL,tab relative decimal,
1,value,FV_TBL_CATALOG,table catalog,
1,value,FV_TEMPLATE_BROWSER,template browser,
1,value,FV_THESAURUS,thesaurus,
1,value,FV_TYPE_,type,
1,value,FV_TooManyWindows,too many windows,
1,value,FV_TooManyWindowsUpdateBook,too many windows update book,
1,value,FV_URL_CHECKED_IN,url checked in,
1,value,FV_URL_CHECKED_OUT,url checked out,
1,value,FV_UndoAll,undo all,
1,value,FV_UnresolvedTextInsets,unresolved text insets,
1,value,FV_UnresolvedXRefs,unresolved x refs,
1,value,FV_Unstructured,unstructured,
1,value,FV_UpdateAllClientTi,update all client text inset,
1,value,FV_UpdateAllManualClientTi,update all manual client text inset,
1,value,FV_UseCurrentSetting,use current setting,
1,value,FV_UserCanceled,user canceled,
1,value,FV_UserCanceledExport,user canceled export,
1,value,FV_UserCanceledImportBrowser,user canceled import browser,
1,value,FV_UserCanceledSave,user canceled save,
1,value,FV_UserDictionary,user dictionary,
1,value,FV_VAR_CHAPTER_TITLE,variable chapter title,
1,value,FV_VAR_CREATION_,variable creation,
1,value,FV_VAR_CURRENT_,variable current,
1,value,FV_VAR_CURRENT_PAGE_NUM,variable current page number,
1,value,FV_VAR_FILE_NAME_LONG,variable file name long,
1,value,FV_VAR_FILE_NAME_SHORT,variable file name short,
1,value,FV_VAR_HEADER_,variable header,
1,value,FV_VAR_HEADER_FOOTER,variable header footer,
1,value,FV_VAR_HEADER_FOOTER_1,variable header footer 1,
1,value,FV_VAR_HEADER_FOOTER_10,variable header footer 10,
1,value,FV_VAR_HEADER_FOOTER_11,variable header footer 11,
1,value,FV_VAR_HEADER_FOOTER_12,variable header footer 12,
1,value,FV_VAR_HEADER_FOOTER_13,variable header footer 13,
1,value,FV_VAR_HEADER_FOOTER_14,variable header footer 14,
1,value,FV_VAR_HEADER_FOOTER_15,variable header footer 15,
1,value,FV_VAR_HEADER_FOOTER_16,variable header footer 16,
1,value,FV_VAR_HEADER_FOOTER_17,variable header footer 17,
1,value,FV_VAR_HEADER_FOOTER_18,variable header footer 18,
1,value,FV_VAR_HEADER_FOOTER_2,variable header footer 2,
1,value,FV_VAR_HEADER_FOOTER_3,variable header footer 3,
1,value,FV_VAR_HEADER_FOOTER_4,variable header footer 4,
1,value,FV_VAR_HEADER_FOOTER_5,variable header footer 5,
1,value,FV_VAR_HEADER_FOOTER_6,variable header footer 6,
1,value,FV_VAR_HEADER_FOOTER_7,variable header footer 7,
1,value,FV_VAR_HEADER_FOOTER_8,variable header footer 8,
1,value,FV_VAR_HEADER_FOOTER_9,variable header footer 9,
1,value,FV_VAR_MODIFICATION_DATE_LONG,variable modification date long,
1,value,FV_VAR_MODIFICATION_DATE_SHORT,variable modification date short,
1,value,FV_VAR_SECTION_NUMBER,variable section number,
1,value,FV_VAR_TABLE_CONTINUATION,variable table continuation,
1,value,FV_VAR_USER_DIRECTORY,variable user directory,
1,value,FV_VIEW_ALL,view all,
1,value,FV_VIEW_AUTHOR,view author,
1,value,FV_VIEW_WYSIWYG,view wysiwyg,
1,value,FV_VIEW_XML,view xml,
1,value,FV_VOS_,vos,
1,value,FV_VOX_,vox,
1,value,FV_WIDE,wide,
1,value,FV_WINDOW_ALL,window all,
1,value,FV_WINDOW_BOOK,window book,
1,value,FV_WINDOW_DITAMAP,window ditamap,
1,value,FV_WINDOW_DOC,window document,
1,value,FV_WarnAlways,warn always,
1,value,FV_WarnNever,warn never,
1,value,FV_WarnOnce,warn once,
1,value,FV_WriteDictionaryToFile,write dictionary to file,
1,value,FV_WriteUnknownWordsToFile,write unknown words to file,
1,value,FV_XML_STANDALONE_,xml standalone,
1,value,FV_XML_USEBOM_,xml usebom,
1,value,FV_XML_WELLFORMED_,xml wellformed,
